,index,name,p_raw,p_corr,es
689,L6 CT Gpr139,Sebox-201_ENSMUST00000001130,2.5881206764518156e-07,0.00166778496390555,2.1052525312642936
695,L6 CT Gpr139,Col6a1-201_ENSMUST00000001147,5.53892437129736e-15,3.569282864864019e-11,1.4874064808524734
804,L6 CT Gpr139,Ckb-201_ENSMUST00000001304,1.133300247898297e-10,7.302986797456626e-07,-0.6049806194860832
1062,L6 CT Gpr139,Ddt-201_ENSMUST00000001716,1.367588260045483e-06,0.008812738747733091,1.0553126823009675
1290,L6 CT Gpr139,Blvra-201_ENSMUST00000002064,2.0457123434818376e-10,1.3182570341396962e-06,0.8527948525659261
1374,L6 CT Gpr139,Sdf2-201_ENSMUST00000002133,7.942153275004498e-07,0.005117923570412898,0.5310892271684864
2674,L6 CT Gpr139,Brinp2-201_ENSMUST00000004133,3.721188225231772e-07,0.002397933692339354,1.3383193884218394
3088,L6 CT Gpr139,Mtfp1-201_ENSMUST00000004868,2.2225223303804684e-07,0.0014321933896971738,0.9952542130219286
3411,L6 CT Gpr139,Cadm3-202_ENSMUST00000111220,1.5051561232735275e-06,0.00969922605837461,0.947762537766593
4403,L6 CT Gpr139,Eif1b-201_ENSMUST00000007139,6.767847838498405e-08,0.00043612011471283723,0.6605611821303858
4405,L6 CT Gpr139,Chrd-201_ENSMUST00000007171,1.1586588016274252e-06,0.007466397317687128,1.7502178077976622
4549,L6 CT Gpr139,Homer1-204_ENSMUST00000102752,8.344647760669011e-09,5.3772910169751104e-05,-1.9269346933143832
4571,L6 CT Gpr139,Arpp19-203_ENSMUST00000166549,1.9549174056086473e-08,0.00012597487761742122,-0.9332029039319147
4599,L6 CT Gpr139,0610009B22Rik-201_ENSMUST00000007921,7.283090449623484e-08,0.0004693223485737373,0.6084620220198751
4677,L6 CT Gpr139,Ctsd-201_ENSMUST00000066401,3.773824847158441e-08,0.00024318527315088994,0.8247355295894105
4687,L6 CT Gpr139,Ttc9b-201_ENSMUST00000008088,2.7794484933497234e-11,1.7910766091145618e-07,-1.1272247060454994
4978,L6 CT Gpr139,Cabp7-201_ENSMUST00000009219,2.0107575585992705e-14,1.29573217076137e-10,3.1331242563977635
5051,L6 CT Gpr139,Ube2g2-204_ENSMUST00000174510,8.351501758577539e-08,0.0005381707733227366,1.1863221982514474
5059,L6 CT Gpr139,Syn2-206_ENSMUST00000204617,1.8888232823666764e-08,0.00012171577231570863,1.0930977114811093
5088,L6 CT Gpr139,Srp14-201_ENSMUST00000009693,4.114593114848232e-09,2.651443803208201e-05,0.5635702721526981
5206,L6 CT Gpr139,Kdsr-201_ENSMUST00000010049,6.19079389961871e-07,0.003989347588914297,0.9290496420375551
5388,L6 CT Gpr139,Pigyl-201_ENSMUST00000123680,3.283781722096179e-07,0.0021160689417187776,0.45550032953539343
5413,L6 CT Gpr139,Acaa1b-201_ENSMUST00000010795,5.082341752507786e-25,3.2750610253160175e-21,4.838845834182927
5532,L6 CT Gpr139,Pgam1-201_ENSMUST00000011896,2.3634604020469764e-07,0.0015230138830790716,0.2720645411484659
6625,L6 CT Gpr139,Qdpr-201_ENSMUST00000015950,2.7654749664924995e-07,0.0017820720684077666,0.5986520732246117
6677,L6 CT Gpr139,Lta4h-201_ENSMUST00000016033,1.5283954809153457e-08,9.848980479018488e-05,1.222918771773625
6933,L6 CT Gpr139,Ift27-201_ENSMUST00000016781,3.210559465354398e-09,2.068884519474374e-05,0.9535756769559036
7120,L6 CT Gpr139,Plxdc1-201_ENSMUST00000017561,2.099378004921328e-07,0.0013528391863713038,1.3832729243609834
7156,L6 CT Gpr139,Timp2-201_ENSMUST00000017610,1.4396116249153166e-15,9.2768573109543e-12,3.1102467068434176
7349,L6 CT Gpr139,Mlx-202_ENSMUST00000107302,1.0235762320668258e-07,0.0006595925239438625,1.0831887787978753
7728,L6 CT Gpr139,Gabarap-201_ENSMUST00000018711,5.499302612430304e-10,3.543750603450088e-06,0.5444493979001859
7729,L6 CT Gpr139,Gabarap-202_ENSMUST00000108592,5.201341170644159e-10,3.351744250363096e-06,0.5847838701362154
7730,L6 CT Gpr139,Gabarap-204_ENSMUST00000144443,2.476780931358556e-07,0.0015960376321674534,0.5143588492488211
7803,L6 CT Gpr139,Slc25a39-201_ENSMUST00000018821,5.293284515224698e-14,3.4109925416107956e-10,1.2686950569233835
7883,L6 CT Gpr139,Lsp1-211_ENSMUST00000149521,1.1533794623303432e-14,7.432377255256731e-11,3.047954384267124
7884,L6 CT Gpr139,Lsp1-209_ENSMUST00000140626,1.1784960728969951e-12,7.594228693748237e-09,2.5797406966059198
8026,L6 CT Gpr139,Slc25a22-203_ENSMUST00000106007,1.4085835233675757e-08,9.076912224580657e-05,1.0226366369590654
8031,L6 CT Gpr139,Atp6ap1-201_ENSMUST00000019231,4.414814023793671e-10,2.8449061569326417e-06,0.577639383631289
8217,L6 CT Gpr139,Trip10-207_ENSMUST00000224947,6.416936483329366e-07,0.004135073869857443,1.7915433448569953
8262,L6 CT Gpr139,Cyb561-201_ENSMUST00000019734,1.3442647361959002e-16,8.66244196004638e-13,1.6352973835667788
8614,L6 CT Gpr139,Rspo3-201_ENSMUST00000092623,8.484121283256025e-12,5.467167754930182e-08,2.0437799462957917
8689,L6 CT Gpr139,Zwint-201_ENSMUST00000020081,3.991690440168911e-13,2.572245319644846e-09,0.4734460900162558
8823,L6 CT Gpr139,Ahi1-201_ENSMUST00000105525,1.3935133670447684e-07,0.0008979800137236488,-0.49057598581576745
9109,L6 CT Gpr139,Pno1-201_ENSMUST00000020317,3.1924598712373986e-08,0.00020572211410253797,0.9630432096426298
9457,L6 CT Gpr139,Hint1-201_ENSMUST00000020504,7.771180072220078e-07,0.005007748438538618,0.35674907977573866
10154,L6 CT Gpr139,Laptm4a-201_ENSMUST00000020909,3.4887265087217714e-10,2.2481353622203093e-06,0.7991112504651001
10884,L6 CT Gpr139,Nr1d1-201_ENSMUST00000064941,1.9736604449665336e-08,0.00012718267907364342,1.4355628083095333
11440,L6 CT Gpr139,Vti1b-201_ENSMUST00000055262,1.1584032901555803e-08,7.46475080176256e-05,-0.5857298905322113
11443,L6 CT Gpr139,Vti1b-203_ENSMUST00000162789,1.258037580628464e-07,0.0008106794169569822,-0.49972647697445716
11796,L6 CT Gpr139,Cyp46a1-201_ENSMUST00000021684,1.274372180666673e-14,8.212054332216041e-11,1.3591683671557933
12323,L6 CT Gpr139,Pdlim7-202_ENSMUST00000069929,3.123530540941812e-10,2.0128030805829037e-06,0.6118360187025011
12940,L6 CT Gpr139,Kctd6-201_ENSMUST00000022272,1.0583026316877793e-06,0.00681970215859605,1.5285885088722533
13574,L6 CT Gpr139,Clu-201_ENSMUST00000022616,4.4135374329918325e-08,0.0002844083521819937,0.6227693562651284
13592,L6 CT Gpr139,Stmn4-201_ENSMUST00000074523,3.9451973364338265e-11,2.5422851635979576e-07,-0.89347954073531
13729,L6 CT Gpr139,Spry2-201_ENSMUST00000022709,4.630023098456074e-07,0.002983586884645094,-0.9969271242672315
14527,L6 CT Gpr139,Efcab6-205_ENSMUST00000144169,2.9819704332119867e-10,1.9215817471618044e-06,2.4947910882389066
14570,L6 CT Gpr139,Nell2-202_ENSMUST00000166170,8.281453989676631e-09,5.336568950947621e-05,0.9301609167121985
14651,L6 CT Gpr139,Ppp1r1a-202_ENSMUST00000228813,1.4276369027043166e-09,9.199692201026616e-06,-2.4714976887947975
14779,L6 CT Gpr139,Rogdi-207_ENSMUST00000202281,1.114015443093515e-08,7.178715515294611e-05,0.408575490077034
14836,L6 CT Gpr139,Maf1-201_ENSMUST00000023212,1.6050663752455955e-10,1.0343047722082616e-06,0.8641437301826862
14961,L6 CT Gpr139,Ly6h-204_ENSMUST00000127095,6.465787950243119e-07,0.004166553755136666,0.7401727775172389
14974,L6 CT Gpr139,Ly6e-213_ENSMUST00000191127,1.420795140664711e-22,9.1556038864434e-19,1.680804220781794
14987,L6 CT Gpr139,Lynx1-201_ENSMUST00000023259,6.345053251840938e-07,0.0040887523154863005,0.5771228323557791
15982,L6 CT Gpr139,1110004E09Rik-201_ENSMUST00000023694,3.009999596131508e-09,1.9396437397471438e-05,0.8037280471159978
16243,L6 CT Gpr139,Akirin1-201_ENSMUST00000102636,9.066512272714291e-07,0.005842460508537089,0.7319592733019471
16289,L6 CT Gpr139,Msrb2-201_ENSMUST00000023856,9.328719519548293e-07,0.00601142685839692,0.9119016532872086
17081,L6 CT Gpr139,Atp6v0c-201_ENSMUST00000024932,1.6314386813626758e-07,0.0010512990862701084,0.25583761608236344
17739,L6 CT Gpr139,Cidea-201_ENSMUST00000025404,3.997519058142274e-26,2.5760012810668817e-22,4.040824286855962
18275,L6 CT Gpr139,Gal-201_ENSMUST00000025842,9.968341131296711e-13,6.4235990250076e-09,6.622659433972302
18311,L6 CT Gpr139,Drap1-209_ENSMUST00000136579,6.273459540768305e-07,0.0040426173280710955,0.7802813706543192
18434,L6 CT Gpr139,Prdx5-201_ENSMUST00000025904,6.545695481057906e-10,4.218046167993715e-06,0.7422548683081605
18435,L6 CT Gpr139,Prdx5-203_ENSMUST00000149261,1.0118789351622742e-12,6.520547858185695e-09,1.501731084498335
18436,L6 CT Gpr139,Prdx5-204_ENSMUST00000173091,7.803477894434045e-07,0.005028561155173299,1.8811309844628399
18437,L6 CT Gpr139,Prdx5-202_ENSMUST00000145300,1.7222447441473943e-07,0.0011098145131285808,0.893730494684071
18895,L6 CT Gpr139,Kazald1-201_ENSMUST00000026234,1.8162109991143904e-14,1.1703663678293132e-10,2.6857631705570006
19354,L6 CT Gpr139,Agap2-201_ENSMUST00000039259,1.5025983432071714e-07,0.0009682743723627013,-0.05371765369582822
20097,L6 CT Gpr139,Sec61a2-202_ENSMUST00000102981,1.0316397240250054e-07,0.0006647886381617135,0.6270824493542904
20164,L6 CT Gpr139,Nop16-201_ENSMUST00000026987,2.1626793543696137e-07,0.001393630575955779,0.5145155963513508
20170,L6 CT Gpr139,4833439L19Rik-201_ENSMUST00000026989,4.479496172792454e-09,2.8865873337474572e-05,0.7869995780263697
20898,L6 CT Gpr139,Wnt10a-201_ENSMUST00000006718,4.429238599209424e-09,2.8542013533305528e-05,2.014611803263769
21198,L6 CT Gpr139,Bok-201_ENSMUST00000027499,2.325038209944701e-07,0.0014982546224883654,2.194894869783983
21424,L6 CT Gpr139,Dbi-201_ENSMUST00000027634,9.481696610530775e-08,0.0006110005295826031,0.7264729814630142
21550,L6 CT Gpr139,Cyb5r1-201_ENSMUST00000027726,8.208730402581654e-17,5.289705871423618e-13,2.642714870107467
21596,L6 CT Gpr139,Glul-202_ENSMUST00000139476,3.4786799714369996e-09,2.2416613735940026e-05,1.1922786754291055
21600,L6 CT Gpr139,Glul-201_ENSMUST00000086199,5.852831256542933e-10,3.771564461716266e-06,1.0374061950818056
21694,L6 CT Gpr139,Srp9-201_ENSMUST00000027792,1.1945318103948731e-06,0.007697562986184563,0.26228828515825775
21803,L6 CT Gpr139,Atp1b1-201_ENSMUST00000027863,1.621987150202081e-11,1.0452085195902209e-07,0.4415768757089742
22048,L6 CT Gpr139,Mgst3-201_ENSMUST00000028005,4.234103523483044e-07,0.0027284563105324736,-0.6465564870604359
22409,L6 CT Gpr139,Ak1-202_ENSMUST00000113277,8.376987849191373e-09,5.3981309700189204e-05,0.5569536240210762
22595,L6 CT Gpr139,Psmd5-201_ENSMUST00000028225,4.681183409086987e-09,3.0165545888156547e-05,1.08098021539108
24664,L6 CT Gpr139,Ssr3-201_ENSMUST00000029414,5.2611555919314916e-08,0.00033902886634406534,0.8891279010886692
24795,L6 CT Gpr139,Slc6a17-206_ENSMUST00000168211,1.2926741233794758e-06,0.008329992051057342,1.0671219795075473
27074,L6 CT Gpr139,Stmn1-201_ENSMUST00000030636,2.0547088163285386e-10,1.3240543612421103e-06,-0.6671347496769116
27327,L6 CT Gpr139,Acot7-202_ENSMUST00000075363,4.427924294148819e-10,2.8533544151494988e-06,0.5626066891510604
27341,L6 CT Gpr139,Rheb-201_ENSMUST00000030787,2.0393845487053932e-07,0.0013141794031857554,-0.32564743027018217
27497,L6 CT Gpr139,Fbxo44-201_ENSMUST00000057907,1.0849136344663508e-07,0.0006991183460501165,1.2271825227165905
27498,L6 CT Gpr139,Fbxo44-208_ENSMUST00000167160,7.74578135269795e-08,0.0004991381503678559,1.0013413128525661
27685,L6 CT Gpr139,Ccnl2-205_ENSMUST00000139066,3.128089865233597e-07,0.00201574110915653,0.8671840936977979
27774,L6 CT Gpr139,Lrpap1-201_ENSMUST00000030986,2.651771845792933e-08,0.00017088017774289662,0.6626111279877218
28397,L6 CT Gpr139,Tesc-201_ENSMUST00000031304,7.403029695941207e-07,0.004770512336064513,0.6929486864679304
29289,L6 CT Gpr139,Rbm28-201_ENSMUST00000007993,1.9364904189774788e-08,0.00012478744259890873,0.7563722902303676
30376,L6 CT Gpr139,Creld1-201_ENSMUST00000032422,2.6996227125730505e-08,0.00017396368759820736,0.9656702414624627
30380,L6 CT Gpr139,Emc3-201_ENSMUST00000032425,7.402853640367369e-08,0.00047703988858527324,0.605980538512485
30399,L6 CT Gpr139,Ccdc91-201_ENSMUST00000032441,1.2695743462056424e-06,0.00818113708694916,1.1578028030920797
31863,L6 CT Gpr139,Atp6ap2-201_ENSMUST00000033313,1.4381654176361508e-07,0.0009267537951247356,0.4073794617161788
32642,L6 CT Gpr139,Coprs-201_ENSMUST00000033839,4.124732484499662e-09,2.6579776130115825e-05,0.816253383329065
33314,L6 CT Gpr139,Mt1-201_ENSMUST00000034215,3.8979330964098004e-18,2.5118280873264754e-14,1.739916942450484
33430,L6 CT Gpr139,Map1lc3b-201_ENSMUST00000034270,5.141403820437367e-08,0.00033131206218898394,0.4549041768354378
33548,L6 CT Gpr139,Rab3a-202_ENSMUST00000110090,8.784842065246851e-12,5.660952226845071e-08,1.5830292810915063
33549,L6 CT Gpr139,Rab3a-201_ENSMUST00000034301,9.58250961478881e-08,0.000617496919576991,0.2883793722691985
33980,L6 CT Gpr139,Dcps-201_ENSMUST00000034539,3.375856753832298e-07,0.0021754020921695327,1.2752520112910624
34594,L6 CT Gpr139,Tspan3-201_ENSMUST00000034876,7.428403178327725e-08,0.0004786863008114386,0.3856253272352639
34732,L6 CT Gpr139,Fam96a-201_ENSMUST00000034945,1.2307263807038732e-07,0.0007930800797255759,0.775906501378917
34859,L6 CT Gpr139,Atp1b3-201_ENSMUST00000034983,9.695800715313435e-09,6.247973980947977e-05,1.022062830691501
35493,L6 CT Gpr139,Nt5m-201_ENSMUST00000102695,8.473726669099787e-08,0.0005460469465567903,0.9702474144794855
35687,L6 CT Gpr139,Srxn1-201_ENSMUST00000041500,9.306623435405577e-08,0.0005997188141775353,1.1375128812673467
36033,L6 CT Gpr139,Pfkm-205_ENSMUST00000230445,3.0820581595368407e-16,1.9860782780055403e-12,0.9704560423487005
36156,L6 CT Gpr139,Atp1a1-201_ENSMUST00000036493,1.1274870458295287e-08,7.265526523325483e-05,-0.8263415427346885
36295,L6 CT Gpr139,Mif-201_ENSMUST00000038169,1.6277540290365729e-10,1.0489246963111675e-06,0.6723952461898399
36378,L6 CT Gpr139,Atp6v0b-201_ENSMUST00000036380,1.5454104874088512e-06,0.009958625180862638,0.23449890448362076
36453,L6 CT Gpr139,Upb1-201_ENSMUST00000039925,6.5862552753632135e-09,4.244182899444055e-05,2.103987699909543
37036,L6 CT Gpr139,Gde1-201_ENSMUST00000038791,4.483174377359496e-08,0.0002888957568770459,0.35330212051038856
37364,L6 CT Gpr139,Nsf-202_ENSMUST00000103075,4.1425641829664704e-10,2.6694683595035934e-06,0.8787800245446515
37579,L6 CT Gpr139,Wbp2-201_ENSMUST00000074628,1.6015146229556196e-09,1.0320160230326013e-05,0.40638244413259894
37905,L6 CT Gpr139,Ankrd12-208_ENSMUST00000150766,5.854092590082656e-07,0.0037723772650492637,0.7153012124352771
37959,L6 CT Gpr139,Dbn1-201_ENSMUST00000021950,3.0478787795066986e-07,0.0019640530855141165,1.0292939794666447
39163,L6 CT Gpr139,Aamdc-214_ENSMUST00000178078,1.1081050631755265e-06,0.007140629027103092,1.595886608163534
39367,L6 CT Gpr139,Syt1-202_ENSMUST00000105276,1.1263112607196379e-07,0.0007257949764077347,1.0222411080282807
40013,L6 CT Gpr139,Gpi1-206_ENSMUST00000205865,1.0855062928509134e-06,0.006995002551131286,0.6716445372324231
40036,L6 CT Gpr139,Calm2-201_ENSMUST00000040440,1.695388360567927e-11,1.0925082595499721e-07,-0.43362069126598435
40439,L6 CT Gpr139,Dner-201_ENSMUST00000049126,2.318178113388525e-07,0.0014938339762675655,2.202715097533805
40570,L6 CT Gpr139,Mrpl55-203_ENSMUST00000108785,1.7009517030926695e-07,0.0010960932774729162,0.7065056835134755
41926,L6 CT Gpr139,Cpe-201_ENSMUST00000048967,6.089247802769294e-12,3.923911284104533e-08,0.7451066961869417
42096,L6 CT Gpr139,Ninj1-201_ENSMUST00000049022,1.2239584176021644e-08,7.887188043028347e-05,2.217974218399563
42410,L6 CT Gpr139,Spon1-201_ENSMUST00000046687,8.443363690828673e-09,5.440903562369997e-05,1.1084939945027954
42711,L6 CT Gpr139,Ankrd35-202_ENSMUST00000122960,1.0691474548263675e-08,6.889586198901112e-05,2.0793564055854437
42740,L6 CT Gpr139,Pcp4l1-201_ENSMUST00000111332,9.09351460646017e-11,5.859860812402933e-07,3.5743710541391414
42808,L6 CT Gpr139,Higd1a-201_ENSMUST00000060251,5.595580524147807e-07,0.003605792089760847,0.682785770266638
42809,L6 CT Gpr139,Higd1a-205_ENSMUST00000215007,1.3801785280654098e-09,8.8938704348535e-06,0.7074291828947921
42988,L6 CT Gpr139,Rgs4-201_ENSMUST00000027991,3.8381185774116904e-08,0.00024732836112840935,0.9107196146010521
43159,L6 CT Gpr139,Nfe2l1-210_ENSMUST00000167110,3.720255316073957e-08,0.00023973325256780578,-0.1530971736538682
43722,L6 CT Gpr139,St6galnac5-201_ENSMUST00000044278,9.609783799630384e-07,0.006192544680481819,1.4283871739529292
43978,L6 CT Gpr139,1110008P14Rik-201_ENSMUST00000048792,4.109772918799514e-12,2.6483376688744066e-08,-1.0663422241572942
44432,L6 CT Gpr139,Tusc3-203_ENSMUST00000209440,1.5277893078446937e-06,0.009845074299751207,-0.42016462788434517
44975,L6 CT Gpr139,Cited2-201_ENSMUST00000038107,1.345223732247778e-06,0.008668621730604682,1.593809756556506
45708,L6 CT Gpr139,Os9-201_ENSMUST00000080975,3.3570763675305674e-07,0.0021633000112366977,0.8938258053010535
46039,L6 CT Gpr139,Col16a1-210_ENSMUST00000143577,2.149888920972492e-07,0.001385388420674674,1.4708300182638974
46041,L6 CT Gpr139,Col16a1-207_ENSMUST00000135675,2.7390716961957798e-08,0.00017650578010285604,1.5280030631488368
46049,L6 CT Gpr139,Limd2-202_ENSMUST00000064545,6.229670854242099e-07,0.004014399898473609,0.7620807483538639
46075,L6 CT Gpr139,Creg1-202_ENSMUST00000111432,1.799246495797607e-08,0.0001159434441891978,1.510911868149209
46965,L6 CT Gpr139,Fbxo2-201_ENSMUST00000047951,6.70968050249918e-16,4.323718115810472e-12,1.8208706551324143
46979,L6 CT Gpr139,Selenow-201_ENSMUST00000044355,4.025744638897269e-12,2.5941898453054e-08,0.43171409806898264
47514,L6 CT Gpr139,Svop-201_ENSMUST00000058472,1.881485821681553e-07,0.0012124294634915929,0.9510666896421474
47882,L6 CT Gpr139,Crtac1-201_ENSMUST00000048630,3.0437450293359945e-20,1.9613892969041148e-16,3.8804728222202574
48577,L6 CT Gpr139,Pyurf-201_ENSMUST00000053386,8.150606155322215e-13,5.252250606489636e-09,1.3295349030273722
48637,L6 CT Gpr139,Kcnj6-201_ENSMUST00000095873,2.552236308295227e-08,0.00016446610770654444,1.200719015903629
48766,L6 CT Gpr139,Mdga1-208_ENSMUST00000171691,3.6686434335549274e-09,2.3640738285827954e-05,1.5715506517858104
49118,L6 CT Gpr139,Cnr1-202_ENSMUST00000084736,3.859836105787102e-08,0.0002487278386569209,1.8587117849330888
49357,L6 CT Gpr139,Gemin7-202_ENSMUST00000117222,5.146670439829399e-07,0.003316514431426065,0.9242293098092769
49358,L6 CT Gpr139,Gemin7-201_ENSMUST00000051364,8.189744601514546e-13,5.277471421215973e-09,0.8052316694820556
50112,L6 CT Gpr139,Hpcal4-201_ENSMUST00000059667,6.167046295810144e-08,0.0003974044633020057,0.4616229994784744
50594,L6 CT Gpr139,1110032F04Rik-201_ENSMUST00000054551,9.401800417635459e-07,0.0060585201891242895,1.2418011102578097
50733,L6 CT Gpr139,Gap43-201_ENSMUST00000102817,2.4087215064583065e-10,1.5521801387617328e-06,-1.2363622892730648
51125,L6 CT Gpr139,Arxes2-201_ENSMUST00000058119,7.318366321345829e-07,0.004715955257475252,0.4288753821655682
51369,L6 CT Gpr139,Nkx1-2-201_ENSMUST00000054562,3.0143644946660304e-07,0.00194245648036279,2.0730603765521307
51402,L6 CT Gpr139,Ctxn1-201_ENSMUST00000053252,1.571518194192581e-12,1.0126863243376992e-08,-1.404062877223864
51561,L6 CT Gpr139,Nrsn1-201_ENSMUST00000057866,7.771566384639367e-11,5.007997378261608e-07,1.165661616126573
51658,L6 CT Gpr139,Tigd2-201_ENSMUST00000062626,1.4011391442265865e-06,0.009028940645396123,0.9860289305184184
51940,L6 CT Gpr139,Morn4-201_ENSMUST00000051772,9.111159500794826e-07,0.0058712311823121855,0.7864037712153493
52362,L6 CT Gpr139,Ftl1-201_ENSMUST00000094434,3.4116267769523526e-07,0.002198452295068096,0.4788322427132634
52368,L6 CT Gpr139,Scg2-201_ENSMUST00000049972,1.5469089488669295e-08,9.968281266498493e-05,1.5710585955275675
53208,L6 CT Gpr139,Atp6v1a-202_ENSMUST00000114666,3.252071931018348e-07,0.0020956351523482237,0.46568237882228747
53485,L6 CT Gpr139,Reep1-201_ENSMUST00000121469,4.715929644839677e-13,3.0389450631346874e-09,0.872188256613212
53725,L6 CT Gpr139,Nrgn-201_ENSMUST00000065668,2.3652259906230864e-09,1.5241516283575169e-05,-1.24215918408487
54174,L6 CT Gpr139,1810037I17Rik-201_ENSMUST00000106429,6.066808335185794e-08,0.0003909451291193726,0.5742296644108755
54189,L6 CT Gpr139,Spock3-204_ENSMUST00000119068,5.784156732875626e-07,0.0037273105986650535,1.989778012594274
54323,L6 CT Gpr139,Aes-201_ENSMUST00000002518,2.2449935641303857e-07,0.0014466738527256205,0.3569553175535276
54633,L6 CT Gpr139,Commd5-201_ENSMUST00000068407,7.932869419023282e-07,0.005111941053618603,0.7695409208772834
54929,L6 CT Gpr139,Tmem191c-202_ENSMUST00000231322,3.938968540916226e-07,0.0025382713277664164,0.864234128580442
55422,L6 CT Gpr139,Trnp1-201_ENSMUST00000123169,1.053622732352517e-19,6.78954488727962e-16,1.8441128997278171
55423,L6 CT Gpr139,Trnp1-202_ENSMUST00000125541,5.568963733312668e-15,3.5886402297466836e-11,1.661643213364143
56287,L6 CT Gpr139,Smim4-201_ENSMUST00000049732,9.029147871278015e-10,5.818382888251553e-06,1.173537523075733
56288,L6 CT Gpr139,Smim4-202_ENSMUST00000064032,1.3971539454920208e-07,0.0009003260024750583,1.1686211532967035
56863,L6 CT Gpr139,2610301B20Rik-201_ENSMUST00000080517,9.854122515318412e-09,6.349996548871184e-05,0.8243219481415536
56891,L6 CT Gpr139,Tcea2-206_ENSMUST00000129686,5.765591150592956e-07,0.003715346937442101,1.2568515664741045
56893,L6 CT Gpr139,Tcea2-208_ENSMUST00000136145,3.3601232656524544e-07,0.0021652634323864415,1.3086986531636495
56903,L6 CT Gpr139,Ccdc28a-202_ENSMUST00000080860,3.1767337862681884e-11,2.0470872518712206e-07,0.8202383083478622
57327,L6 CT Gpr139,Hnrnpc-201_ENSMUST00000111610,8.535583577523637e-08,0.0005500330057356231,0.5796827924082346
57520,L6 CT Gpr139,H3f3a-201_ENSMUST00000081026,1.502941595292236e-07,0.0009684955640063168,0.3887202929629794
58016,L6 CT Gpr139,Ssbp3-208_ENSMUST00000133827,5.653291163142317e-07,0.003642980825528909,1.7871342189236181
58023,L6 CT Gpr139,Ssbp3-201_ENSMUST00000030367,2.004890223600661e-07,0.001291951260088266,0.9812321500461954
59267,L6 CT Gpr139,mt-Nd1-201_ENSMUST00000082392,6.224890852521822e-07,0.004011319665365062,0.3171840608220382
59271,L6 CT Gpr139,mt-Atp8-201_ENSMUST00000082407,2.1248800050540853e-09,1.3692726752568526e-05,0.39868405736149626
59272,L6 CT Gpr139,mt-Atp6-201_ENSMUST00000082408,9.991181669697558e-08,0.0006438317467953106,0.3523967011149711
59282,L6 CT Gpr139,mt-Nd4l-201_ENSMUST00000084013,5.432789351238982e-07,0.0035008894579384004,0.48376554101590497
59389,L6 CT Gpr139,Gpr139-201_ENSMUST00000084650,2.503239591855177e-17,1.6130875929914762e-13,3.647595661887962
59480,L6 CT Gpr139,Hmgn3-201_ENSMUST00000161796,7.757572991755732e-08,0.0004998980035887394,0.7663905270970792
59481,L6 CT Gpr139,Hmgn3-202_ENSMUST00000162246,6.322093934479483e-07,0.004073957331378579,0.804009516548593
59482,L6 CT Gpr139,Hmgn3-208_ENSMUST00000190580,4.110200931794049e-08,0.00026486134804480855,1.426495801398325
59648,L6 CT Gpr139,H2-T23-201_ENSMUST00000102678,1.2302755272117103e-10,7.927895497352261e-07,-1.6103627504807143
59750,L6 CT Gpr139,Nnat-205_ENSMUST00000153739,4.6031162626648273e-10,2.9662481196612145e-06,4.222460926671881
59850,L6 CT Gpr139,1500009C09Rik-202_ENSMUST00000143238,3.502818053077754e-08,0.00022572159534033046,1.2173994375572121
60814,L6 CT Gpr139,Hpcal1-201_ENSMUST00000071858,6.141791991148855e-08,0.00039577707590963225,3.4282296654262456
61270,L6 CT Gpr139,H2-D1-202_ENSMUST00000172785,6.52420026673758e-07,0.004204194651885696,1.1459177298120928
61521,L6 CT Gpr139,Ccl27a-205_ENSMUST00000108036,1.308769385988888e-06,0.008433709923312395,-0.8631841585264182
61962,L6 CT Gpr139,Ctxn2-201_ENSMUST00000099452,9.595621354592541e-19,6.183418400899434e-15,1.5752603198796211
62253,L6 CT Gpr139,Selenoh-203_ENSMUST00000117299,2.282835363991579e-07,0.0014710591085561734,1.1089272233647733
62271,L6 CT Gpr139,Trbc2-201_ENSMUST00000103299,6.702565954574306e-07,0.004319133501127683,-1.2781220148393384
62523,L6 CT Gpr139,Cisd3-201_ENSMUST00000107583,6.067638344764382e-08,0.00039099861493661675,0.8446432496481693
63395,L6 CT Gpr139,5031425F14Rik-201_ENSMUST00000127920,4.392557534465659e-09,2.830564075209671e-05,3.006010466187397
64362,L6 CT Gpr139,1500009L16Rik-201_ENSMUST00000150459,9.15497164772102e-10,5.899463729791425e-06,3.0567302931928375
64662,L6 CT Gpr139,Pcp4-201_ENSMUST00000061739,7.128474698508966e-09,4.593589095719177e-05,0.5287343200388204
64727,L6 CT Gpr139,Snrpe-204_ENSMUST00000166915,1.3108815297821882e-06,0.00844732057791642,-0.36764849474969097
66337,L6 CT Gpr139,Gm10605-202_ENSMUST00000183019,1.9135533555474344e-09,1.2330937823147667e-05,2.670288770284457
68837,L6 CT Gpr139,AC124561.1-201_ENSMUST00000227439,6.313965582588999e-09,4.068719421420351e-05,1.772832619318534
69013,L6 CT Gpr139,Sept2-216_ENSMUST00000179353,1.0899212358381792e-10,7.023452443741226e-07,-0.09582914512441588
69019,L6 CT Gpr139,AC163018.1-201_ENSMUST00000229584,6.809860314958778e-09,4.388273986959436e-05,2.9047071594220184
69020,L6 CT Gpr139,AC163018.1-203_ENSMUST00000229658,8.516837770658181e-08,0.0005488250259412132,2.1845386047125324
69260,L6 CT Grp_1,Sdhd-201_ENSMUST00000000175,1.6950548034920305e-08,8.078631193443017e-05,-0.17992529262498547
69937,L6 CT Grp_1,Calm1-202_ENSMUST00000110082,9.587614169528228e-10,4.569456913197154e-06,0.09376258059658849
69976,L6 CT Grp_1,Ckb-201_ENSMUST00000001304,3.446013350671922e-12,1.642369962930238e-08,0.27306577936915666
70329,L6 CT Grp_1,Sept7-202_ENSMUST00000165594,1.676477598518578e-06,0.007990092234539543,0.15822747823184713
70834,L6 CT Grp_1,Rgs20-201_ENSMUST00000002533,5.150693306666256e-28,2.4548204299571376e-24,1.6365596941321816
71353,L6 CT Grp_1,Cyth2-209_ENSMUST00000223361,1.8136210572367242e-06,0.008643717958790228,0.22934909568060924
71379,L6 CT Grp_1,Dlgap1-211_ENSMUST00000148486,1.0167161758153152e-06,0.004845669293935793,0.3842923832577325
73215,L6 CT Grp_1,Arpc2-201_ENSMUST00000006467,1.2627190121400844e-08,6.018118811859642e-05,0.368514358006113
73216,L6 CT Grp_1,Arpc2-203_ENSMUST00000113820,1.937878208905908e-09,9.235927543645557e-06,0.2480158873318743
73575,L6 CT Grp_1,Eif1b-201_ENSMUST00000007139,4.228471159353591e-17,2.0152893545479214e-13,-0.3924824676701082
73638,L6 CT Grp_1,Stx1a-201_ENSMUST00000005509,2.4853888301837876e-07,0.0011845363164655932,0.37784087215132534
73721,L6 CT Grp_1,Homer1-204_ENSMUST00000102752,1.216809621061458e-11,5.7993146539789085e-08,1.000667391589476
73741,L6 CT Grp_1,Arpp19-211_ENSMUST00000170310,2.666538899118583e-16,1.2708724393199167e-12,0.4707618394859523
73743,L6 CT Grp_1,Arpp19-203_ENSMUST00000166549,1.9624174616820976e-24,9.352881622376878e-21,0.575391942185135
73747,L6 CT Grp_1,Arpp19-202_ENSMUST00000164467,1.1621570162631997e-08,5.5388403395104096e-05,0.6094614287234066
73859,L6 CT Grp_1,Ttc9b-201_ENSMUST00000008088,1.0340690097570509e-22,4.928372900502105e-19,0.5356836325538392
74010,L6 CT Grp_1,Nfib-202_ENSMUST00000064770,7.643983769746697e-08,0.0003643122664661276,0.5969530791568425
74030,L6 CT Grp_1,Rbfox1-201_ENSMUST00000056416,3.2489473809135967e-11,1.5484483217434202e-07,0.5759213589884511
74086,L6 CT Grp_1,Acyp1-201_ENSMUST00000008966,1.6195963018552824e-08,7.718995974642275e-05,-0.32302756003696764
74281,L6 CT Grp_1,Mkl2-204_ENSMUST00000149359,3.245559352876301e-09,1.546833587580845e-05,0.2835775328155212
74560,L6 CT Grp_1,Pigyl-201_ENSMUST00000123680,1.577619989380179e-06,0.007518936869385933,-0.21022804847187082
74892,L6 CT Grp_1,Atp6v0d1-201_ENSMUST00000013304,2.652227443617484e-07,0.0012640515996280928,-0.14276293249375982
75399,L6 CT Grp_1,Npdc1-207_ENSMUST00000133409,6.741478081735906e-07,0.003212988453755333,0.2882107879581932
75613,L6 CT Grp_1,Hivep2-204_ENSMUST00000187083,4.483569415499788e-07,0.002136869183427199,0.24049433899533934
76346,L6 CT Grp_1,Igfbp4-201_ENSMUST00000017637,3.831536610285083e-08,0.00018261103484618706,0.8737067163422414
76349,L6 CT Grp_1,Igfbp4-203_ENSMUST00000130530,5.071984144764444e-08,0.0002417307643394734,1.0529286218849405
76900,L6 CT Grp_1,Gabarap-201_ENSMUST00000018711,1.8978078722329004e-13,9.044952319062003e-10,-0.3059539647840248
76901,L6 CT Grp_1,Gabarap-202_ENSMUST00000108592,6.018192889440674e-13,2.868270731107425e-09,-0.3166779140646625
77268,L6 CT Grp_1,Atp6v1e1-201_ENSMUST00000019354,1.2407574351567032e-13,5.913449935956848e-10,-0.14126071919562477
77592,L6 CT Grp_1,Snx3-201_ENSMUST00000019939,2.0970763343584756e-07,0.0009994665809552495,0.1303428933900852
77861,L6 CT Grp_1,Zwint-201_ENSMUST00000020081,7.877625637645704e-08,0.0003754476378901942,-0.18108940495891002
77873,L6 CT Grp_1,Atp2b1-207_ENSMUST00000219557,1.3260382832793754e-07,0.0006319898458109503,0.25979062715254475
79062,L6 CT Grp_1,Rtn4-201_ENSMUST00000060992,4.469510864966478e-09,2.1301688782430236e-05,0.20603674819297613
80612,L6 CT Grp_1,Vti1b-201_ENSMUST00000055262,8.379295016745517e-16,3.9935720049809136e-12,0.2840717422554935
80615,L6 CT Grp_1,Vti1b-203_ENSMUST00000162789,7.313558149130453e-18,3.485641813875574e-14,0.294198188423187
81214,L6 CT Grp_1,Cap2-201_ENSMUST00000021802,1.3849816017077066e-07,0.0006600822313738929,0.584708147380717
81495,L6 CT Grp_1,Pdlim7-202_ENSMUST00000069929,5.508179572609385e-08,0.00026251983843056327,-0.3721669381304129
81774,L6 CT Grp_1,Med10-201_ENSMUST00000022089,5.76495571944056e-11,2.747577895885371e-07,0.31069017273338595
82698,L6 CT Grp_1,Dnajc15-203_ENSMUST00000227249,1.0922630716673174e-06,0.005205725799566435,-0.27767287592379075
83025,L6 CT Grp_1,Psmb5-201_ENSMUST00000022803,4.5767946129554257e-10,2.1813003125345558e-06,0.1535111319628788
83078,L6 CT Grp_1,Sub1-201_ENSMUST00000022816,6.981315782538084e-09,3.327295101957651e-05,0.2242799290047639
83079,L6 CT Grp_1,Sub1-202_ENSMUST00000110504,2.760781594777353e-23,1.3157885080708864e-19,0.27613805838648364
83086,L6 CT Grp_1,Jph4-201_ENSMUST00000022819,9.839542363220547e-07,0.004689525890310913,0.41941578511629896
83822,L6 CT Grp_1,Ppp1r1a-201_ENSMUST00000023133,5.819885282958925e-17,2.7737573258582236e-13,1.1404697827164023
83823,L6 CT Grp_1,Ppp1r1a-202_ENSMUST00000228813,2.077264578696151e-17,9.900242982065856e-14,1.0481833424999056
83905,L6 CT Grp_1,Fgf12-205_ENSMUST00000232352,3.4607404167048875e-07,0.0016493888826015495,0.3318967461256115
84127,L6 CT Grp_1,Ly6h-201_ENSMUST00000023241,1.5771441755211893e-06,0.007516669140533988,-0.21837795020387496
84275,L6 CT Grp_1,Tagln3-201_ENSMUST00000096057,1.5868547572444704e-24,7.562949773027146e-21,-0.35292380165178283
85069,L6 CT Grp_1,Atp5o-201_ENSMUST00000023677,2.085401611123989e-06,0.009939024078616932,-0.12582324704415093
85211,L6 CT Grp_1,Tuba1b-201_ENSMUST00000077577,5.3702004066944966e-08,0.00025594375138305973,-0.17134447861942625
85355,L6 CT Grp_1,Igfbp6-201_ENSMUST00000023807,2.3530259268946924e-09,1.1214521567580103e-05,1.5480608754966871
85516,L6 CT Grp_1,Bsg-205_ENSMUST00000179781,1.038064646704596e-06,0.004947416106194104,-0.09986995139800392
86253,L6 CT Grp_1,Atp6v0c-201_ENSMUST00000024932,1.1463814166828237e-07,0.0005463653831910337,-0.09444749546996789
86430,L6 CT Grp_1,Uqcc2-201_ENSMUST00000025045,2.577188095603021e-08,0.00012282878463643998,0.1647370126086285
86503,L6 CT Grp_1,Tmem178-201_ENSMUST00000025092,4.831369711930824e-07,0.0023026308047062304,0.40009569056961247
86899,L6 CT Grp_1,Sec11c-201_ENSMUST00000025394,2.2822444325119154e-08,0.00010877176965351789,0.2593984698858769
86909,L6 CT Grp_1,Gnal-202_ENSMUST00000076605,4.7388979174657864e-14,2.2585587474641937e-10,0.9551475315559905
87149,L6 CT Grp_1,Syt7-202_ENSMUST00000076968,3.823999183695398e-12,1.8225180109492267e-08,0.7855286285138519
87356,L6 CT Grp_1,Cst6-201_ENSMUST00000025764,7.245404605639483e-08,0.0003453159835047778,0.4729475401008121
87986,L6 CT Grp_1,Rab40b-201_ENSMUST00000106107,6.871744617121232e-12,3.275073484519979e-08,1.1587871551431816
88620,L6 CT Grp_1,Adgra1-201_ENSMUST00000026548,4.3299143304278063e-11,2.0636371698818925e-07,-0.6190647012009904
88622,L6 CT Grp_1,Adgra1-203_ENSMUST00000137584,9.263088181375618e-08,0.000441478782724362,-0.537636220026775
88699,L6 CT Grp_1,Hras-202_ENSMUST00000097957,3.964833352599178e-12,1.889639575848768e-08,0.24408984961190328
88950,L6 CT Grp_1,Shisa5-203_ENSMUST00000154184,1.3091556027533686e-09,6.239435602722555e-06,-0.5298348940867914
89333,L6 CT Grp_1,Cplx2-201_ENSMUST00000026985,3.166977308976214e-09,1.5093813854580636e-05,0.5158832692119315
90052,L6 CT Grp_1,Ogfrl1-201_ENSMUST00000027343,8.938028395163368e-12,4.2598643331348614e-08,0.36114409234736033
90054,L6 CT Grp_1,Ogfrl1-203_ENSMUST00000188677,5.010061097013756e-07,0.002387795118836756,0.37605711110584483
90279,L6 CT Grp_1,Ptma-201_ENSMUST00000045897,1.4648446317174347e-19,6.981449514765293e-16,-0.34851208603765116
90596,L6 CT Grp_1,Dbi-201_ENSMUST00000027634,5.383921728633472e-09,2.5659770958667125e-05,-0.3570294603413675
90768,L6 CT Grp_1,Glul-202_ENSMUST00000139476,1.0897542930822236e-06,0.005193768960829878,-0.5392475151422338
91131,L6 CT Grp_1,Nmt2-201_ENSMUST00000081932,1.2542407732451495e-08,5.9777115252863826e-05,0.4511204233431423
92293,L6 CT Grp_1,Lpcat4-201_ENSMUST00000028554,5.136300171044564e-08,0.00024479606615198393,0.3746645894808749
92658,L6 CT Grp_1,Itpka-201_ENSMUST00000028758,5.740336650870755e-08,0.0002735844447805002,0.7270653838403138
92941,L6 CT Grp_1,Pcsk2-201_ENSMUST00000028905,1.4027563144601674e-06,0.006685536594717158,0.22999487881904024
92983,L6 CT Grp_1,Dtd1-201_ENSMUST00000028917,9.55550505373867e-08,0.00045541537086118505,-0.20707224316038175
93855,L6 CT Grp_1,Serpini1-201_ENSMUST00000029423,1.0585890076498283e-18,5.0452352104590815e-15,-0.9383717695485441
94630,L6 CT Grp_1,Ppp3ca-202_ENSMUST00000070198,8.638362938242615e-17,4.1170437763664305e-13,0.35130466970658336
94636,L6 CT Grp_1,Ppp3ca-201_ENSMUST00000056758,2.9242194210210172e-12,1.3936829760586169e-08,0.509575920740458
94726,L6 CT Grp_1,Ddah1-201_ENSMUST00000029845,1.4375706336065975e-06,0.006851461639769044,0.6800994691383324
95232,L6 CT Grp_1,Cntfr-201_ENSMUST00000064443,4.758399350287705e-10,2.26785313034712e-06,0.6359294086218306
95580,L6 CT Grp_1,Nfia-204_ENSMUST00000107057,5.924111225822627e-11,2.823431410227064e-07,0.5898853483147108
96098,L6 CT Grp_1,Hpca-201_ENSMUST00000030572,2.6292562577332534e-11,1.2531035324356685e-07,0.5350918907543614
96499,L6 CT Grp_1,Acot7-202_ENSMUST00000075363,8.05637677245379e-14,3.8396691697514763e-10,-0.287121505742153
98159,L6 CT Grp_1,Actb-201_ENSMUST00000100497,1.3495250620950517e-09,6.431836445945017e-06,0.15414947065022488
98403,L6 CT Grp_1,Fam3c-201_ENSMUST00000081288,2.543173699713567e-08,0.0001212076585283486,0.8088059593055728
99338,L6 CT Grp_1,Grin2b-207_ENSMUST00000198283,1.737735890643508e-06,0.008282049254806958,0.1710843565430995
100181,L6 CT Grp_1,Me3-206_ENSMUST00000160995,1.0830688828224857e-07,0.0005161906295531967,0.7992540436371862
100466,L6 CT Grp_1,Pgm2l1-202_ENSMUST00000084935,9.835547680050363e-08,0.0004687622024312003,-0.2212146589775279
100507,L6 CT Grp_1,Rps3-201_ENSMUST00000032998,1.7414680875828412e-06,0.00829983690541982,-0.13196867427999592
100581,L6 CT Grp_1,Pak1-201_ENSMUST00000033040,3.114978790907418e-09,1.4845988917464755e-05,-0.44007783977890114
101601,L6 CT Grp_1,Ap1s2-202_ENSMUST00000069041,5.85007770474244e-08,0.0002788147034080247,0.8009169211598373
101602,L6 CT Grp_1,Ap1s2-201_ENSMUST00000033734,3.528880727830034e-08,0.0001681864554883794,1.0202284236833776
102602,L6 CT Grp_1,Map1lc3b-201_ENSMUST00000034270,3.788895174733358e-15,1.8057874402779182e-11,-0.2612551441098576
102605,L6 CT Grp_1,Map1lc3b-205_ENSMUST00000181948,8.00518821999134e-07,0.003815272705647873,-0.37347971808448666
103191,L6 CT Grp_1,Cryab-205_ENSMUST00000216755,7.880791890130829e-35,3.755985414836353e-31,2.5308135237370575
103195,L6 CT Grp_1,Cryab-204_ENSMUST00000216393,6.255641915640519e-31,2.9814389369942713e-27,2.3638582280844602
103196,L6 CT Grp_1,Cryab-201_ENSMUST00000034562,7.717813571714016e-30,3.6783099482788996e-26,2.8179216194225756
103371,L6 CT Grp_1,Pin1-201_ENSMUST00000034689,1.4350455452511262e-06,0.006839427068666868,0.20857984736474133
103799,L6 CT Grp_1,Nptn-206_ENSMUST00000176557,3.231559256654553e-08,0.00015401611417215598,0.13879975311175752
104353,L6 CT Grp_1,Cck-201_ENSMUST00000035120,3.0947260312687e-07,0.0014749464265026626,1.227072929305308
105076,L6 CT Grp_1,Fkbp1a-201_ENSMUST00000044011,4.2044026368913737e-19,2.0038182967424287e-15,0.19649755707211103
105198,L6 CT Grp_1,Resp18-201_ENSMUST00000039534,5.874428947848624e-07,0.002799752836544654,-0.4343669180065417
105328,L6 CT Grp_1,Atp1a1-201_ENSMUST00000036493,5.013248090757969e-17,2.389314040055248e-13,0.5055719659000535
106002,L6 CT Grp_1,Egr3-202_ENSMUST00000223747,9.584591505879793e-11,4.5680163117023097e-07,0.9940237704351871
106247,L6 CT Grp_1,Ppp3r1-201_ENSMUST00000102880,1.0660398616974088e-07,0.000508074598084985,0.1807912658629025
106536,L6 CT Grp_1,Nsf-202_ENSMUST00000103075,3.0270910288600323e-10,1.4427115843546913e-06,-0.3546782740089949
106574,L6 CT Grp_1,Rasl10a-201_ENSMUST00000037218,6.435883086713839e-08,0.0003067341879127816,1.140710209760142
106782,L6 CT Grp_1,Ramp1-201_ENSMUST00000097648,2.645751923545053e-12,1.2609653667615722e-08,1.0206505802905927
106784,L6 CT Grp_1,Ramp1-202_ENSMUST00000165855,7.192755562496078e-07,0.0034280673010856307,0.6117332562819497
107365,L6 CT Grp_1,Nrip3-201_ENSMUST00000033331,1.0513512034855956e-08,5.0107398358123486e-05,-0.6973920980476978
107424,L6 CT Grp_1,Mrpl34-201_ENSMUST00000048914,1.4282100583735115e-06,0.006806849138208155,-0.21913856288180078
108198,L6 CT Grp_1,Pcdh17-201_ENSMUST00000071370,4.0534040429512855e-14,1.9318523668705826e-10,-0.7228082405911516
108960,L6 CT Grp_1,Kctd1-201_ENSMUST00000025992,4.716106532327001e-08,0.00022476963733070488,0.6967155705930477
109208,L6 CT Grp_1,Calm2-201_ENSMUST00000040440,6.237809311483782e-21,2.972939917853171e-17,0.24084067532014153
111063,L6 CT Grp_1,Smim14-202_ENSMUST00000121661,3.81765559337175e-10,1.819494655800976e-06,0.2370705098104553
111098,L6 CT Grp_1,Cpe-201_ENSMUST00000048967,5.9218470431181313e-08,0.00028223523007501013,-0.2354659185223289
111582,L6 CT Grp_1,Spon1-201_ENSMUST00000046687,5.141841293739009e-53,2.4506015605960117e-49,-1.284383527314556
111971,L6 CT Grp_1,Pmepa1-201_ENSMUST00000036248,1.5967670583167696e-06,0.007610191799937724,0.47099059580146463
111981,L6 CT Grp_1,Higd1a-205_ENSMUST00000215007,3.1560362322256692e-12,1.5041668682787538e-08,-0.4191669117849921
112058,L6 CT Grp_1,Sv2a-201_ENSMUST00000035371,4.216795251507956e-10,2.009724616868692e-06,-0.4129980934616362
112160,L6 CT Grp_1,Rgs4-201_ENSMUST00000027991,4.384505221498651e-22,2.0896551885662568e-18,-0.9159464316989636
113461,L6 CT Grp_1,Prss23-204_ENSMUST00000207932,1.5066097366433903e-08,7.180502004842397e-05,1.0158330301898015
113604,L6 CT Grp_1,Tusc3-203_ENSMUST00000209440,1.922309484450291e-10,9.161727002890088e-07,0.186505549681665
113617,L6 CT Grp_1,Mmd2-201_ENSMUST00000037048,1.1265640686277506e-06,0.0053692043510798594,0.854357202606197
113836,L6 CT Grp_1,Mrps6-201_ENSMUST00000047429,1.9552658322316656e-08,9.318796956416119e-05,-0.4199883329290195
114758,L6 CT Grp_1,Ppp1ca-201_ENSMUST00000046094,6.820395213133936e-09,3.2506003585796336e-05,0.17972504665991984
114999,L6 CT Grp_1,Necab1-201_ENSMUST00000041606,3.265850395451194e-16,1.556504298472039e-12,1.3126211968942583
115985,L6 CT Grp_1,Pik3r1-201_ENSMUST00000035532,1.4430809225262616e-06,0.006877723676760163,-0.5163621561607035
117875,L6 CT Grp_1,Chd3os-201_ENSMUST00000129321,2.8701581422780867e-15,1.3679173706097361e-11,-0.39245014713017223
118530,L6 CT Grp_1,Gemin7-201_ENSMUST00000051364,6.040044208751117e-10,2.8786850698907826e-06,-0.5042776384849974
119328,L6 CT Grp_1,Chrm3-204_ENSMUST00000223242,4.126201614664699e-10,1.9665476895491956e-06,0.6238752296207459
119354,L6 CT Grp_1,Rprml-201_ENSMUST00000057870,1.0291911174820388e-12,4.905124865919397e-09,0.33354845254921894
119457,L6 CT Grp_1,Camk2n1-201_ENSMUST00000050918,2.552465765079072e-08,0.00012165051836366857,0.6948849697176875
119905,L6 CT Grp_1,Gap43-201_ENSMUST00000102817,9.630650562502068e-26,4.589968058088486e-22,0.6733216974478093
120574,L6 CT Grp_1,Ctxn1-201_ENSMUST00000053252,2.477662269180621e-24,1.180853837491484e-20,0.5991513541030562
120733,L6 CT Grp_1,Nrsn1-201_ENSMUST00000057866,8.462082251696073e-08,0.00040330284011583483,-0.49464333934022164
120771,L6 CT Grp_1,Bmyc-201_ENSMUST00000061483,1.9584388728104502e-10,9.333919667814606e-07,-0.23128012565399647
121227,L6 CT Grp_1,Mrps16-202_ENSMUST00000224286,2.3053918303913644e-08,0.00010987497463645243,-0.2716393848082923
121382,L6 CT Grp_1,Neto1-201_ENSMUST00000058829,6.510368656036975e-07,0.0031028417014672223,0.5895928153706422
121534,L6 CT Grp_1,Ftl1-201_ENSMUST00000094434,4.072967404466142e-15,1.941176264968563e-11,-0.3120755671009938
121583,L6 CT Grp_1,Fam131a-201_ENSMUST00000056518,1.9018509367186404e-07,0.0009064221564401041,0.6101136658448816
122012,L6 CT Grp_1,Coa6-201_ENSMUST00000059093,3.0884336507429277e-07,0.0014719474779440794,-0.4023897676054853
122149,L6 CT Grp_1,Klf13-201_ENSMUST00000063694,4.900260414293408e-08,0.00023354641134522384,0.31660285491209716
122380,L6 CT Grp_1,Atp6v1a-202_ENSMUST00000114666,1.023167475780424e-06,0.004876416189569501,-0.23479498539568677
122665,L6 CT Grp_1,Prkcb-208_ENSMUST00000206495,1.7088427810368437e-06,0.008144344694421598,0.28645346310456254
122897,L6 CT Grp_1,Nrgn-201_ENSMUST00000065668,4.8599907701300245e-18,2.3162716010439696e-14,0.6095070337098782
123346,L6 CT Grp_1,1810037I17Rik-201_ENSMUST00000106429,2.8045364465144486e-10,1.3366420704087861e-06,-0.260005296076832
123693,L6 CT Grp_1,Actn4-201_ENSMUST00000068045,5.06799024676703e-07,0.0024154041516091665,0.5869181676208051
123723,L6 CT Grp_1,Tmem158-201_ENSMUST00000068140,1.5270531466733472e-08,7.277935297045172e-05,0.8307691102890322
123978,L6 CT Grp_1,Nap1l5-201_ENSMUST00000059539,2.2107541493962135e-11,1.0536454276022354e-07,-0.501690164509351
124373,L6 CT Grp_1,Snx32-201_ENSMUST00000070172,1.8275823971121316e-06,0.00871025770463642,-0.2543195004280232
124558,L6 CT Grp_1,Cebpb-201_ENSMUST00000070642,2.7263149976327747e-09,1.2993617278717804e-05,0.8575636747624129
124595,L6 CT Grp_1,Trnp1-202_ENSMUST00000125541,1.9346956693097503e-09,9.22075955993027e-06,-0.53705650398914
125055,L6 CT Grp_1,Rit2-203_ENSMUST00000153060,1.6398314002334337e-08,7.815436453512544e-05,-0.43355450178901567
125305,L6 CT Grp_1,Sept11-203_ENSMUST00000201421,9.137141238408565e-09,4.354761514225522e-05,0.6893101124949044
125400,L6 CT Grp_1,Tspan7-201_ENSMUST00000076354,2.79842895873745e-12,1.3337312417342686e-08,0.17244296623454325
125789,L6 CT Grp_1,Grin2a-206_ENSMUST00000199708,3.698451270652665e-07,0.00176268187559306,0.4890961063954755
126075,L6 CT Grp_1,Ccdc28a-202_ENSMUST00000080860,1.9878798772268145e-06,0.009474235494862997,-0.5157983079859538
126828,L6 CT Grp_1,Myl4-202_ENSMUST00000106956,3.370236083522101e-11,1.6062545174066334e-07,1.6504884651136118
126829,L6 CT Grp_1,Myl4-204_ENSMUST00000123074,7.590401542552972e-08,0.00036175853751807465,1.0817906430064843
127106,L6 CT Grp_1,Ppp1r1b-202_ENSMUST00000132443,2.484940177866216e-08,0.00011843224887710386,0.7775336089288789
127107,L6 CT Grp_1,Ppp1r1b-201_ENSMUST00000078694,3.757555058520438e-09,1.7908507408908407e-05,0.8366812762379707
127389,L6 CT Grp_1,Opcml-203_ENSMUST00000123779,4.258686793524564e-07,0.002029690125793807,-0.32945710577359666
128247,L6 CT Grp_1,Ipcef1-203_ENSMUST00000105617,2.654958143114442e-10,1.265353051008343e-06,0.6992598923437701
128820,L6 CT Grp_1,H2-T23-201_ENSMUST00000102678,4.823725277726914e-07,0.002298987467364647,0.5932744444409961
128854,L6 CT Grp_1,Tmem128-201_ENSMUST00000087511,1.3296989787132954e-06,0.006337345332547566,0.6037638840813502
128955,L6 CT Grp_1,3110035E14Rik-201_ENSMUST00000088666,2.348030533212444e-08,0.00011190713521290509,0.2508520968837553
129499,L6 CT Grp_1,Marcks-201_ENSMUST00000092584,7.70847776502846e-11,3.673860502812564e-07,0.5690775646839401
130097,L6 CT Grp_1,Uqcc3-201_ENSMUST00000096253,1.0576299587067556e-07,0.0005040664383196397,-0.3385360490964757
130111,L6 CT Grp_1,Gng3-201_ENSMUST00000096259,4.063121439663241e-16,1.9364836781435007e-12,-0.19460840450639605
130166,L6 CT Grp_1,2900055J20Rik-201_ENSMUST00000096572,7.601148844639984e-11,3.6227075393554165e-07,1.046493680511717
130677,L6 CT Grp_1,Gm13306-202_ENSMUST00000108018,1.0141521942019037e-12,4.833449357566273e-09,1.5737652285404642
130679,L6 CT Grp_1,Gm13306-203_ENSMUST00000131704,1.4218460986410671e-15,6.7765185061233255e-12,1.9348367803254978
130688,L6 CT Grp_1,Ccl27a-219_ENSMUST00000173865,3.525088182319933e-08,0.000168005702769368,0.8251845497148622
130693,L6 CT Grp_1,Ccl27a-205_ENSMUST00000108036,5.676630138481486e-17,2.705481924000276e-13,0.8117232531898031
130696,L6 CT Grp_1,Ccl27a-212_ENSMUST00000138337,3.392926372893904e-09,1.6170687093212346e-05,0.9563993560454795
130697,L6 CT Grp_1,Ccl27a-204_ENSMUST00000108035,6.4832974891068814e-09,3.0899395833083396e-05,0.9746228466524958
131281,L6 CT Grp_1,Rprm-201_ENSMUST00000100089,1.2702029395109562e-07,0.0006053787209709217,0.6396248743347952
131439,L6 CT Grp_1,Trbj2-3-201_ENSMUST00000103295,1.8086657116595867e-07,0.000862010078176959,0.6812586784398675
131443,L6 CT Grp_1,Trbc2-201_ENSMUST00000103299,6.481159367320648e-10,3.088920554465021e-06,0.6084728067166969
131453,L6 CT Grp_1,Ighm-201_ENSMUST00000103426,2.402479030072265e-09,1.1450215057324415e-05,1.620833247451059
131695,L6 CT Grp_1,Cisd3-201_ENSMUST00000107583,1.8230329277967617e-10,8.688574933879366e-07,-0.4843758256728492
131708,L6 CT Grp_1,Gm12394-201_ENSMUST00000107981,8.133269222389166e-07,0.0038763161113906765,0.4189522431775705
131715,L6 CT Grp_1,Gm20878-206_ENSMUST00000153997,3.055139913553699e-12,1.4560796827996929e-08,1.1341126118130718
132203,L6 CT Grp_1,Gm11127-201_ENSMUST00000113742,2.6165285411104564e-08,0.00012470375026932436,0.362225905219578
132390,L6 CT Grp_1,Gm10600-201_ENSMUST00000117202,3.993484890892037e-08,0.00019032948989991449,0.7197941248192445
132518,L6 CT Grp_1,Gm11549-201_ENSMUST00000124606,3.975303859845176e-10,1.8946298196022109e-06,1.043957030705485
132683,L6 CT Grp_1,1700020I14Rik-202_ENSMUST00000153581,2.16406821964115e-08,0.00010313949134809722,-0.33911800484252996
134044,L6 CT Grp_1,Eid1-201_ENSMUST00000164756,9.964163143038579e-11,4.748920153972187e-07,-0.22803069454775393
134335,L6 CT Grp_1,Ccl27-201_ENSMUST00000107987,2.0526888002849074e-10,9.783114822157869e-07,1.50810792174175
134498,L6 CT Grp_1,Ccl27-205_ENSMUST00000179871,3.791761388484776e-08,0.00018071534777518443,1.166341023546032
134504,L6 CT Grp_1,Gm10593-201_ENSMUST00000178906,9.663221871326119e-11,4.6054915438740283e-07,0.5587860127013402
134517,L6 CT Grp_1,Gm3892-202_ENSMUST00000178043,9.663221871326119e-11,4.6054915438740283e-07,0.5587860127013402
135350,L6 CT Grp_1,9530059O14Rik-203_ENSMUST00000181719,1.1668754891317131e-06,0.005561328581201745,0.6299993877477013
135583,L6 CT Grp_1,Pla2g4b-205_ENSMUST00000143794,1.0514636895584527e-06,0.005011275944435586,0.6375193439963063
136235,L6 CT Grp_1,A430027H14Rik-201_ENSMUST00000191809,4.0859894686907407e-19,1.947382580778007e-15,1.211005775339536
137651,L6 CT Grp_1,Gm47428-201_ENSMUST00000222047,1.3895954654743945e-06,0.0066228119884509645,-0.26460112299216965
139033,L6 CT Grp_2,Sebox-201_ENSMUST00000001130,5.1405352981283777e-23,2.8339771098581746e-19,2.4216207365285207
139148,L6 CT Grp_2,Ckb-201_ENSMUST00000001304,6.781989050758332e-10,3.7389105636830683e-06,-0.5845788245185446
139501,L6 CT Grp_2,Sept7-202_ENSMUST00000165594,4.3848635497898636e-08,0.00024173752749991517,-0.40130388103466075
140645,L6 CT Grp_2,Rab3b-201_ENSMUST00000003502,2.9322517567293436e-08,0.0001616550393484887,1.5051472866323596
140681,L6 CT Grp_2,Paf1-201_ENSMUST00000003529,4.420458126615642e-07,0.0024369985652032034,0.6543010168916408
142419,L6 CT Grp_2,Susd2-202_ENSMUST00000095541,4.426686535605658e-07,0.002440432287079399,2.1074621606226542
142913,L6 CT Grp_2,Arpp19-211_ENSMUST00000170310,8.106499718658746e-08,0.0004469113294896566,-0.6502603723080558
142915,L6 CT Grp_2,Arpp19-203_ENSMUST00000166549,3.931525024580326e-08,0.00021674497460511338,-0.6832979703083515
143031,L6 CT Grp_2,Ttc9b-201_ENSMUST00000008088,4.5946770365873043e-07,0.002533045450270581,-0.6049889210049075
143161,L6 CT Grp_2,Arpc5-201_ENSMUST00000077755,3.8090548704730666e-07,0.0020999319500918014,0.4805411923918168
143757,L6 CT Grp_2,Acaa1b-201_ENSMUST00000010795,1.731780938443663e-12,9.547308313639914e-09,3.1283170322239773
144145,L6 CT Grp_2,Pea15a-201_ENSMUST00000013842,2.5739621442821053e-09,1.4190253301427247e-05,0.734352376286064
144458,L6 CT Grp_2,Tppp3-201_ENSMUST00000014990,6.642086199744058e-08,0.0003661782121918899,2.4299816236119867
146073,L6 CT Grp_2,Gabarap-202_ENSMUST00000108592,8.839168861791753e-07,0.004873033793505794,0.39627196369239925
146074,L6 CT Grp_2,Gabarap-204_ENSMUST00000144443,1.3444855099055293e-06,0.007412148616109183,0.44662777099266115
147033,L6 CT Grp_2,Zwint-201_ENSMUST00000020081,5.187264272795503e-09,2.8597387935921607e-05,0.34346831513393017
148234,L6 CT Grp_2,Rtn4-201_ENSMUST00000060992,9.280993437416695e-08,0.0005116611682047824,-0.47449757342552434
148498,L6 CT Grp_2,Laptm4a-201_ENSMUST00000020909,3.506704688369155e-08,0.0001933246294697915,0.5713216640365752
148960,L6 CT Grp_2,Mrpl38-201_ENSMUST00000106439,1.859093082652154e-07,0.0010249180164661324,0.7757280708300835
149784,L6 CT Grp_2,Vti1b-201_ENSMUST00000055262,2.818135199575465e-07,0.0015536379355259539,-0.34516266684814667
150912,L6 CT Grp_2,Glrx-201_ENSMUST00000022082,7.120985972021498e-07,0.003925799566375452,0.6955531449479069
151426,L6 CT Grp_2,Anxa7-202_ENSMUST00000100844,2.7438040143378796e-11,1.512659153104473e-07,1.187759503730025
153318,L6 CT Grp_2,Ly6e-213_ENSMUST00000191127,3.3707593331726933e-07,0.0018582996203781058,1.4045145914611772
153447,L6 CT Grp_2,Tagln3-201_ENSMUST00000096057,2.7802490070235865e-13,1.5327512775721031e-09,0.6258884945369099
154383,L6 CT Grp_2,Tuba1b-201_ENSMUST00000077577,1.2055319190619617e-08,6.646097469788594e-05,0.38011572185886777
155891,L6 CT Grp_2,Aif1-205_ENSMUST00000173281,6.003212508859783e-07,0.003309571056134398,1.8434364534696333
156779,L6 CT Grp_2,Prdx5-203_ENSMUST00000149261,9.308135395567038e-12,5.1315750435761083e-08,0.9207941744673196
156934,L6 CT Grp_2,Fundc1-201_ENSMUST00000026016,2.9365855398974074e-08,0.00016189396081454406,0.8559774058146021
157698,L6 CT Grp_2,Agap2-201_ENSMUST00000039259,1.4931364013752281e-07,0.0008231660980781633,-0.053911573069295254
158030,L6 CT Grp_2,Nptx1-201_ENSMUST00000026670,1.1291360138971274e-07,0.0006224926844614863,0.5235896608976986
158568,L6 CT Grp_2,Snca-201_ENSMUST00000114268,6.061898919076922e-10,3.341924874087107e-06,0.30935048904527385
159940,L6 CT Grp_2,Glul-202_ENSMUST00000139476,5.4805214661518184e-11,3.021411484289497e-07,1.3088529212659452
159944,L6 CT Grp_2,Glul-201_ENSMUST00000086199,5.1706601692977705e-12,2.850584951333861e-08,1.2315308698820737
162254,L6 CT Grp_2,Stmn2-201_ENSMUST00000029002,6.773558525101563e-09,3.734262814888492e-05,0.3408100193935324
162395,L6 CT Grp_2,Stmn3-201_ENSMUST00000103045,3.230542739881943e-08,0.00017809982124969152,0.2138567472633861
163237,L6 CT Grp_2,Pmvk-201_ENSMUST00000029564,6.35872727203005e-07,0.0035055663450701663,0.781537495155888
163298,L6 CT Grp_2,Prss12-201_ENSMUST00000029603,1.199709131467206e-07,0.0006613996441778707,0.953182326097544
165671,L6 CT Grp_2,Acot7-202_ENSMUST00000075363,1.1356158718759115e-07,0.00062606503016519,0.3865443207260384
166529,L6 CT Grp_2,Uchl1-202_ENSMUST00000176015,2.1746741459361563e-09,1.198897856654603e-05,0.33562208789089976
166530,L6 CT Grp_2,Uchl1-201_ENSMUST00000031131,2.637913170010274e-09,1.454281530626664e-05,0.33499627108279917
168607,L6 CT Grp_2,Ldhb-201_ENSMUST00000032373,7.238063063554282e-07,0.003990344166937476,-0.32244950592263155
170876,L6 CT Grp_2,Mpp1-201_ENSMUST00000033775,5.774585996610177e-07,0.0031835292599311903,0.898195969448849
171670,L6 CT Grp_2,Cntnap4-201_ENSMUST00000034225,1.2041575355147296e-08,6.638520493292704e-05,2.0780230696153845
171901,L6 CT Grp_2,Cdh13-201_ENSMUST00000117160,1.3516934815233592e-08,7.451886163638279e-05,1.7189355484275688
172291,L6 CT Grp_2,Rexo2-201_ENSMUST00000034524,8.062247080078374e-07,0.004444716815247208,0.3969303111680125
172293,L6 CT Grp_2,Rexo2-202_ENSMUST00000213508,2.70039664594522e-07,0.0014887286709095997,0.8883009359186329
174500,L6 CT Grp_2,Atp1a1-201_ENSMUST00000036493,9.27531741172733e-08,0.0005113482489085277,-0.5985902507754188
175510,L6 CT Grp_2,Fancd2-201_ENSMUST00000036340,6.662417065817141e-11,3.6729905283849895e-07,1.4048150363999934
175514,L6 CT Grp_2,Fancd2-204_ENSMUST00000124262,1.5715212963650388e-07,0.0008663796906860459,1.0224138224840442
175746,L6 CT Grp_2,Rasl10a-201_ENSMUST00000037218,2.7816493772406675e-07,0.00153352330167278,0.6089628082492551
178380,L6 CT Grp_2,Calm2-201_ENSMUST00000040440,2.0193887639763376e-07,0.001113289025580155,-0.25125635080596354
178777,L6 CT Grp_2,Tubb4b-201_ENSMUST00000043584,6.07528814467894e-08,0.00033493063541615,0.3057318216537359
180754,L6 CT Grp_2,Spon1-201_ENSMUST00000046687,1.6146403913229906e-18,8.901512477363647e-15,1.5597838817091394
182322,L6 CT Grp_2,1110008P14Rik-201_ENSMUST00000048792,1.6482932773627768e-13,9.087040838100988e-10,-0.9629633209340662
184392,L6 CT Grp_2,Limd2-204_ENSMUST00000138094,1.6852879576011218e-07,0.0009290992510254984,0.8100218453029764
184854,L6 CT Grp_2,Nbl1-201_ENSMUST00000042844,1.281695144156029e-08,7.065985329732188e-05,2.285846672444765
186691,L6 CT Grp_2,Dpm3-202_ENSMUST00000107462,3.5011345554843264e-13,1.9301754804385093e-09,2.7405245303921943
186794,L6 CT Grp_2,Nrep-203_ENSMUST00000171533,2.5654478066795907e-11,1.4143313758224583e-07,1.7656099752941108
188231,L6 CT Grp_2,Pid1-201_ENSMUST00000168574,9.016797961031805e-07,0.0049709607159168345,1.7208513674193273
188456,L6 CT Grp_2,Hpcal4-201_ENSMUST00000059667,5.124294906977487e-07,0.0028250237822166884,0.49338744389168987
188975,L6 CT Grp_2,Ngrn-201_ENSMUST00000117989,3.0599753328241295e-08,0.00016869644009859426,0.7909478730132156
189469,L6 CT Grp_2,Arxes2-201_ENSMUST00000058119,1.8873412522154458e-08,0.00010404912323463753,0.4990196164633858
189746,L6 CT Grp_2,Ctxn1-201_ENSMUST00000053252,5.503440937070706e-08,0.00030340469886070803,-0.51669521365866
189842,L6 CT Grp_2,Vstm2a-201_ENSMUST00000109645,2.355559803713064e-10,1.298620119787012e-06,1.4713396003826529
190041,L6 CT Grp_2,Trappc1-202_ENSMUST00000102601,2.2135106362982702e-07,0.0012203084137912363,0.9742740989189285
192667,L6 CT Grp_2,Aes-201_ENSMUST00000002518,9.929564843477693e-07,0.005474169098209252,0.27999370760967324
193007,L6 CT Grp_2,Gabra5-202_ENSMUST00000206382,1.4005094905000428e-06,0.007721008821126736,1.4372287759873945
193009,L6 CT Grp_2,Gabra5-201_ENSMUST00000068456,1.329114089386136e-08,7.327405974785768e-05,1.0870205383623017
193179,L6 CT Grp_2,Cd47-201_ENSMUST00000084838,1.331966856285894e-06,0.0073431332787041335,0.25360488426655703
193725,L6 CT Grp_2,Chn1-215_ENSMUST00000231013,1.6185508453825823e-06,0.008923070810594177,-0.26013330049312255
193766,L6 CT Grp_2,Trnp1-201_ENSMUST00000123169,1.4459808420633648e-07,0.000797169238229533,0.8234577339952143
193767,L6 CT Grp_2,Trnp1-202_ENSMUST00000125541,2.8151089208349155e-07,0.001551969548056289,0.7643284870977021
195116,L6 CT Grp_2,Nrsn2-201_ENSMUST00000079278,8.484942579351521e-08,0.00046777488439964934,1.8277450224999705
196019,L6 CT Grp_2,Blnk-202_ENSMUST00000117695,9.707046415481497e-16,5.3514946888549494e-12,2.1730089828141756
196020,L6 CT Grp_2,Blnk-201_ENSMUST00000054769,4.611480916321632e-15,2.5423094291681158e-11,2.179980477504453
196278,L6 CT Grp_2,Ppp1r1b-202_ENSMUST00000132443,1.0826648425879213e-06,0.00596873127718721,0.49921231995209325
196367,L6 CT Grp_2,Ssbp3-201_ENSMUST00000030367,3.8387827056292035e-07,0.00211632090561338,1.039256456103296
196394,L6 CT Grp_2,Myt1l-202_ENSMUST00000049784,2.765969471267141e-09,1.5248789695095749e-05,0.5130631575516054
197524,L6 CT Grp_2,Ifi27-205_ENSMUST00000085065,2.1154397516368708e-10,1.1662419350774069e-06,0.9182084683276313
197733,L6 CT Grp_2,Gpr139-201_ENSMUST00000084650,3.2690695472400773e-08,0.00018022380413934547,2.4462093880467846
197897,L6 CT Grp_2,Fxyd6-203_ENSMUST00000217381,2.170249727070276e-08,0.00011964586745338432,0.6670598465768363
197898,L6 CT Grp_2,Fxyd6-201_ENSMUST00000085939,3.011879499234326e-08,0.0001660449167927884,0.8812828595694482
198873,L6 CT Grp_2,Mn1-201_ENSMUST00000094463,1.9251150460371247e-11,1.0613159248802669e-07,-0.6434872721337282
199865,L6 CT Grp_2,Ccl27a-205_ENSMUST00000108036,6.68240121264934e-08,0.0003684007788533582,-0.8894794593448694
200306,L6 CT Grp_2,Ctxn2-201_ENSMUST00000099452,5.466692653467451e-14,3.013787659856606e-10,1.432195519415985
200453,L6 CT Grp_2,Rprm-201_ENSMUST00000100089,4.621426624277945e-07,0.002547792497964431,0.548367940170734
200615,L6 CT Grp_2,Trbc2-201_ENSMUST00000103299,7.998227713170681e-07,0.004409422938270996,-0.8382466824845585
200624,L6 CT Grp_2,Ighm-202_ENSMUST00000177715,5.166185230170115e-11,2.8481179173927845e-07,1.2505466422720377
200625,L6 CT Grp_2,Ighm-201_ENSMUST00000103426,8.656088968421191e-13,4.772101848290603e-09,1.3037586211739782
200867,L6 CT Grp_2,Cisd3-201_ENSMUST00000107583,5.992291112510384e-07,0.0033035500903269748,0.6491587380077819
201392,L6 CT Grp_2,Tmsb10-202_ENSMUST00000114049,1.6349039706917524e-08,9.01322559042363e-05,1.2687747634674134
201393,L6 CT Grp_2,Tmsb10-203_ENSMUST00000114050,1.3701036049852409e-11,7.553381174283632e-08,0.7443718740539316
201394,L6 CT Grp_2,Tmsb10-204_ENSMUST00000144337,8.926238318841887e-07,0.004921035185177532,1.6135739947329237
202164,L6 CT Grp_2,Nbdy-201_ENSMUST00000140575,1.6893907233050264e-09,9.31361105758061e-06,0.6389379787346989
203798,L6 CT Grp_2,Dynlt1b-201_ENSMUST00000179569,3.609683742868587e-14,1.990018647443452e-10,1.3046015451804647
208281,L6 CT Nxph2_1,Calm1-202_ENSMUST00000110082,1.631794702356249e-08,7.648221769943738e-05,-0.11552442570647514
211597,L6 CT Nxph2_1,Crip2-201_ENSMUST00000084882,1.1653680910181982e-09,5.4620802426022945e-06,-0.43454675232173035
211878,L6 CT Nxph2_1,Sulf2-201_ENSMUST00000088086,7.462075228360204e-10,3.4974746595324276e-06,1.0244252875857958
211919,L6 CT Nxph2_1,Eif1b-201_ENSMUST00000007139,4.264248986159449e-12,1.9986534998129337e-08,0.3770124841783149
212087,L6 CT Nxph2_1,Arpp19-203_ENSMUST00000166549,2.6667307060281562e-09,1.2498966819153968e-05,-0.3712093465501285
212203,L6 CT Nxph2_1,Ttc9b-201_ENSMUST00000008088,9.621471296895583e-07,0.00450958359685496,-0.2308981320274528
212354,L6 CT Nxph2_1,Nfib-202_ENSMUST00000064770,2.335096502239262e-09,1.0944597305995421e-05,-0.9680347456787488
212374,L6 CT Nxph2_1,Rbfox1-201_ENSMUST00000056416,1.6013207973318399e-09,7.505390577094333e-06,-0.5522610834789106
218568,L6 CT Nxph2_1,Fkbp3-206_ENSMUST00000221608,2.7809094425940405e-08,0.00013034122557438268,0.3289700778526843
218571,L6 CT Nxph2_1,Fkbp3-207_ENSMUST00000221706,4.0718559010585553e-07,0.0019084788608261449,0.26038506355280244
221124,L6 CT Nxph2_1,Nefm-201_ENSMUST00000022638,6.571249272151631e-07,0.0030799445338574698,1.0681073311062637
221125,L6 CT Nxph2_1,Nefl-201_ENSMUST00000022639,2.8254399713033e-09,1.3242837145498569e-05,0.6412446867190056
221423,L6 CT Nxph2_1,Sub1-202_ENSMUST00000110504,1.0491092601240579e-10,4.91717510220146e-07,-0.21910401492397114
221503,L6 CT Nxph2_1,Sema5a-201_ENSMUST00000067458,1.838204327973531e-11,8.61566368521194e-08,0.7366598939224529
221684,L6 CT Nxph2_1,Oxr1-204_ENSMUST00000110297,5.022464999535132e-09,2.3540293452821164e-05,1.3048282653711705
221940,L6 CT Nxph2_1,St13-205_ENSMUST00000172107,1.481098577134792e-06,0.00694190903103077,0.3920803974583533
221976,L6 CT Nxph2_1,Deptor-202_ENSMUST00000096433,1.986998460861588e-06,0.009313061786058263,0.8110106621740589
222619,L6 CT Nxph2_1,Tagln3-201_ENSMUST00000096057,3.699151177875383e-11,1.733792157070192e-07,0.28092600447171456
222933,L6 CT Nxph2_1,Ncam2-202_ENSMUST00000067602,6.678517712692172e-11,3.1302212519388215e-07,0.9448231539895817
223413,L6 CT Nxph2_1,Atp5o-201_ENSMUST00000023677,3.505421244614737e-08,0.00016429909373509273,0.19945536852928836
225243,L6 CT Nxph2_1,Sec11c-201_ENSMUST00000025394,6.538345056699668e-07,0.003064522328075134,-0.31499944745232256
225460,L6 CT Nxph2_1,Mrpl16-201_ENSMUST00000167199,3.1179614341733134e-07,0.001461388524197032,0.415446268586507
226964,L6 CT Nxph2_1,Adgra1-201_ENSMUST00000026548,1.2789021026105964e-17,5.994214154935865e-14,0.8840820001541854
226966,L6 CT Nxph2_1,Adgra1-203_ENSMUST00000137584,1.5108849923247676e-07,0.0007081517959026186,0.6909527053117599
227294,L6 CT Nxph2_1,Shisa5-203_ENSMUST00000154184,2.2640923324846148e-08,0.00010611800762355389,0.6359873006961396
228396,L6 CT Nxph2_1,Ogfrl1-201_ENSMUST00000027343,2.846338711922081e-07,0.0013340789542778794,-0.3406913567625338
228623,L6 CT Nxph2_1,Ptma-201_ENSMUST00000045897,3.656765399430123e-08,0.00017139259427128987,0.30435742280566824
230814,L6 CT Nxph2_1,Chst1-201_ENSMUST00000065797,1.3159788340229317e-07,0.0006167992795065481,-0.5863662834783994
231327,L6 CT Nxph2_1,Dtd1-201_ENSMUST00000028917,3.3666009080729096e-07,0.0015779258456137728,0.2589121012839284
232199,L6 CT Nxph2_1,Serpini1-201_ENSMUST00000029423,2.917031352003215e-11,1.3672125946839067e-07,0.9421312480725987
232228,L6 CT Nxph2_1,Nras-201_ENSMUST00000029445,2.2835767813103605e-08,0.0001070312437400166,-0.6046164920766697
232974,L6 CT Nxph2_1,Ppp3ca-202_ENSMUST00000070198,3.964437502611489e-13,1.8581318574740047e-09,-0.41730077587623526
232980,L6 CT Nxph2_1,Ppp3ca-201_ENSMUST00000056758,1.7920319094861721e-06,0.008399253559761689,-0.4540120913593313
233070,L6 CT Nxph2_1,Ddah1-201_ENSMUST00000029845,2.082960551317761e-06,0.009762836104026345,-0.8412202652428249
233219,L6 CT Nxph2_1,Lmo4-201_ENSMUST00000120539,7.397863843966693e-08,0.0003467378783667189,0.3273405608205211
233220,L6 CT Nxph2_1,Lmo4-203_ENSMUST00000121796,4.6679514333240847e-23,2.1878688367989985e-19,0.8203258264854485
233924,L6 CT Nxph2_1,Nfia-204_ENSMUST00000107057,1.6026139840953796e-12,7.511451743455044e-09,-0.7672259850898437
234590,L6 CT Nxph2_1,Stmn1-201_ENSMUST00000030636,9.708259054982098e-13,4.5502610190701096e-09,0.21181684788919242
236503,L6 CT Nxph2_1,Actb-201_ENSMUST00000100497,3.310958857977776e-07,0.0015518464167341836,-0.16957140072581733
236998,L6 CT Nxph2_1,Nt5c3-202_ENSMUST00000101367,4.13968095314229e-08,0.0001940268462737791,0.5924096882813776
237119,L6 CT Nxph2_1,Ptn-201_ENSMUST00000101534,1.484773855542119e-14,6.959135060925912e-11,1.6546669651506338
237436,L6 CT Nxph2_1,Chl1-201_ENSMUST00000066905,1.0428562506958538e-08,4.887867247011466e-05,0.74842565853166
238810,L6 CT Nxph2_1,Pgm2l1-202_ENSMUST00000084935,1.0042217337269671e-08,4.7067872659782945e-05,0.3023507288752043
238923,L6 CT Nxph2_1,Dkk3-201_ENSMUST00000033036,8.260386907059647e-09,3.8716433433388566e-05,0.5302632280982964
238925,L6 CT Nxph2_1,Pak1-201_ENSMUST00000033040,6.316695828204772e-22,2.9606353346795767e-18,0.8507934179132919
242383,L6 CT Nxph2_1,Rwdd2a-201_ENSMUST00000034988,1.3480611734455995e-07,0.0006318362719939525,0.6661906660238572
243411,L6 CT Nxph2_1,Ift57-201_ENSMUST00000046777,5.282342839324448e-10,2.475834088791369e-06,0.4755225017276641
243412,L6 CT Nxph2_1,Ift57-204_ENSMUST00000142682,9.881600835684673e-14,4.6315063116854064e-10,0.576487431654999
243420,L6 CT Nxph2_1,Fkbp1a-201_ENSMUST00000044011,9.090146157397092e-10,4.260551503972017e-06,-0.1905430875504459
243672,L6 CT Nxph2_1,Atp1a1-201_ENSMUST00000036493,1.4985994422594985e-06,0.007023935585870269,-0.38299003132467924
244682,L6 CT Nxph2_1,Fancd2-201_ENSMUST00000036340,4.4857874435851565e-14,2.102488574808363e-10,1.413409811993927
244686,L6 CT Nxph2_1,Fancd2-204_ENSMUST00000124262,6.836535450138252e-09,3.204284165479799e-05,1.1272338198270142
245709,L6 CT Nxph2_1,Nrip3-201_ENSMUST00000033331,1.4763734372805566e-06,0.006919762300533969,0.7543834330471646
246193,L6 CT Nxph2_1,Oaz1-205_ENSMUST00000179620,1.2033152924899766e-08,5.63993877590052e-05,0.18687918374827195
246542,L6 CT Nxph2_1,Pcdh17-201_ENSMUST00000071370,6.597309003411726e-18,3.092158729899076e-14,1.009078425475628
246780,L6 CT Nxph2_1,Dync1li2-201_ENSMUST00000041769,9.266245350331246e-08,0.0004343089195700255,0.4612910200567315
247011,L6 CT Nxph2_1,Tmem59l-201_ENSMUST00000045286,1.992174570191657e-06,0.009337322210488296,-0.26532402619026385
247201,L6 CT Nxph2_1,Lmo1-202_ENSMUST00000207178,2.503463000692808e-13,1.1733731084247192e-09,1.2325997892455214
247202,L6 CT Nxph2_1,Lmo1-201_ENSMUST00000036992,3.503722158542068e-19,1.6421945757086672e-15,1.6051517057344955
247552,L6 CT Nxph2_1,Calm2-201_ENSMUST00000040440,3.0348110340694284e-08,0.0001422415931668341,-0.17730087791730753
249310,L6 CT Nxph2_1,Phyhipl-201_ENSMUST00000046513,6.297724928552124e-08,0.00029517436740123806,0.28858745376139705
249311,L6 CT Nxph2_1,Phyhipl-206_ENSMUST00000162251,1.2989594950686392e-07,0.0006088223153386712,0.2895409479269926
249889,L6 CT Nxph2_1,Camk4-201_ENSMUST00000042868,4.973660195442437e-08,0.000233115453360387,0.3631441966557851
249926,L6 CT Nxph2_1,Spon1-201_ENSMUST00000046687,1.1131599229427791e-28,5.217380558832805e-25,1.1478439684660362
250504,L6 CT Nxph2_1,Rgs4-201_ENSMUST00000027991,3.1668810581774857e-14,1.4843171519677876e-10,0.9092265755411377
251911,L6 CT Nxph2_1,Tspyl4-202_ENSMUST00000213791,7.368873379939194e-07,0.0034537909531775,0.4281757956865455
252148,L6 CT Nxph2_1,Dusp26-201_ENSMUST00000036631,8.066903150290217e-07,0.003780957506541025,0.7363722136688051
252180,L6 CT Nxph2_1,Mrps6-201_ENSMUST00000047429,7.242715815686136e-07,0.003394660902812092,0.4018748540586019
252230,L6 CT Nxph2_1,Ldb2-203_ENSMUST00000198894,5.030962883841648e-11,2.3580123036565806e-07,1.1927081016776753
252234,L6 CT Nxph2_1,Ldb2-201_ENSMUST00000070748,1.2124610386696028e-08,5.682804888244429e-05,1.1756721121635452
253728,L6 CT Nxph2_1,Ttc3-230_ENSMUST00000231569,3.274442103229751e-08,0.00015347310137837843,0.321161883871973
254329,L6 CT Nxph2_1,Pik3r1-201_ENSMUST00000035532,2.2495955048304282e-11,1.0543854131140217e-07,0.7855658058851107
254481,L6 CT Nxph2_1,Fbxo2-201_ENSMUST00000047951,3.0572265111545424e-07,0.001432922065778134,0.8910713051597177
254495,L6 CT Nxph2_1,Selenow-201_ENSMUST00000044355,4.921890469437736e-11,2.3068900630254667e-07,-0.2962983082424211
255966,L6 CT Nxph2_1,Nrep-203_ENSMUST00000171533,4.724804992257217e-11,2.2145160998709575e-07,1.4393455133687407
256219,L6 CT Nxph2_1,Chd3os-201_ENSMUST00000129321,1.47439036178838e-21,6.9104676257021364e-18,0.5730137599159164
257341,L6 CT Nxph2_1,Pou3f3-201_ENSMUST00000054883,2.3952683282119803e-16,1.1226622654329551e-12,1.1418076995798296
257698,L6 CT Nxph2_1,Rprml-201_ENSMUST00000057870,2.847030530862328e-09,1.334403209815173e-05,-0.32201827435697705
258147,L6 CT Nxph2_1,Ngrn-201_ENSMUST00000117989,7.477968818729989e-09,3.504923985338746e-05,0.7207244431274087
258249,L6 CT Nxph2_1,Gap43-201_ENSMUST00000102817,1.2000970151747142e-12,5.624854710123885e-09,-0.5430683239450325
258918,L6 CT Nxph2_1,Ctxn1-201_ENSMUST00000053252,3.037274381564075e-13,1.423570502639082e-09,-0.3481987562114863
259829,L6 CT Nxph2_1,Lrrc4c-201_ENSMUST00000059049,2.405621652262802e-10,1.1275148684155753e-06,0.6890176542026838
259952,L6 CT Nxph2_1,A730017C20Rik-201_ENSMUST00000058633,2.844208870662062e-08,0.00013330806976793083,0.891559753912964
260356,L6 CT Nxph2_1,Coa6-201_ENSMUST00000059093,7.398189344319089e-07,0.003467531345682357,0.4621619732456197
260787,L6 CT Nxph2_1,Pbx1-205_ENSMUST00000176540,2.083023322482752e-08,9.763130312476658e-05,0.4603893399229295
261241,L6 CT Nxph2_1,Nrgn-201_ENSMUST00000065668,4.7500270621973e-12,2.2263376840518744e-08,-0.5882090275112093
262097,L6 CT Nxph2_1,Kcnmb4-201_ENSMUST00000068233,2.061904428642101e-08,9.664146057045527e-05,0.7258329783392132
262322,L6 CT Nxph2_1,Nap1l5-201_ENSMUST00000059539,3.740441280407658e-08,0.00017531448281270692,0.6597195539963581
263744,L6 CT Nxph2_1,Tspan7-201_ENSMUST00000076354,2.541375915805872e-11,1.1911428917382121e-07,-0.21862949407831245
264617,L6 CT Nxph2_1,Ntm-209_ENSMUST00000151977,1.1205479142835475e-32,5.252008074246988e-29,2.640512192777353
264732,L6 CT Nxph2_1,Pop5-202_ENSMUST00000128830,2.3753780867347599e-07,0.0011133397092525819,0.45518618571049885
264865,L6 CT Nxph2_1,Pantr1-212_ENSMUST00000188153,1.5413425866021183e-63,7.224272703404128e-60,3.0405002880789262
264899,L6 CT Nxph2_1,Samd5-201_ENSMUST00000100070,1.155191106112484e-07,0.0005414380714349212,0.7143321344146261
265292,L6 CT Nxph2_1,Cxcl12-202_ENSMUST00000112866,1.389123559486548e-28,6.510822123313451e-25,3.485296623577417
265450,L6 CT Nxph2_1,Ppp1r1b-202_ENSMUST00000132443,3.688978660572345e-08,0.0001729024298210258,-0.9542381986144841
265451,L6 CT Nxph2_1,Ppp1r1b-201_ENSMUST00000078694,1.7226452748903055e-08,8.074038403410862e-05,-1.033477917945739
267843,L6 CT Nxph2_1,Marcks-201_ENSMUST00000092584,1.1986571708389287e-07,0.0005618106159722059,-0.6210846741703309
268045,L6 CT Nxph2_1,Mn1-201_ENSMUST00000094463,9.738757863885894e-16,4.5645558108033186e-12,0.7179576820165232
268454,L6 CT Nxph2_1,Bscl2-206_ENSMUST00000160556,2.6464963689778546e-09,1.2404128481399204e-05,0.4458998226770712
268455,L6 CT Nxph2_1,Gng3-201_ENSMUST00000096259,4.006820614302913e-09,1.8779968219237753e-05,0.18650237185614937
268530,L6 CT Nxph2_1,Tuba1a-201_ENSMUST00000097014,1.384760884308942e-07,0.000649037426475601,-0.2403887974581842
269625,L6 CT Nxph2_1,Rprm-201_ENSMUST00000100089,2.5436225854946325e-08,0.00011921959058213342,-1.0527633717388571
269885,L6 CT Nxph2_1,Abracl-201_ENSMUST00000020002,3.449992130509351e-07,0.0016170113115697327,0.4114736427222052
270304,L6 CT Nxph2_1,Prnp-201_ENSMUST00000091288,1.4569893867905312e-06,0.00682890925588722,-0.23287114308494772
271027,L6 CT Nxph2_1,1700020I14Rik-202_ENSMUST00000153581,2.9366268009453916e-09,1.3763969816031051e-05,0.4604839420804532
271831,L6 CT Nxph2_1,Gm11418-201_ENSMUST00000156193,4.705000328277583e-07,0.0022052336538637032,0.8137662827122387
272388,L6 CT Nxph2_1,Eid1-201_ENSMUST00000164756,1.578441387982855e-06,0.007398154785475642,0.22997730423232365
276222,L6 CT Nxph2_1,C730002L08Rik-201_ENSMUST00000225910,8.2226060154686e-11,3.853935439450133e-07,1.1177530195875902
279334,L6 CT Nxph2_2,Hlf-201_ENSMUST00000004051,6.403011582788474e-10,2.2589824864077736e-06,1.1043822055437686
279976,L6 CT Nxph2_2,Chd5-202_ENSMUST00000030775,1.4230672353943723e-07,0.0005020581206471345,-0.05265246596679242
283127,L6 CT Nxph2_2,Hivep2-205_ENSMUST00000191138,1.301084056094618e-06,0.004590224549901812,-0.7057290112985525
285335,L6 CT Nxph2_2,Nts-201_ENSMUST00000020040,4.525334429021132e-09,1.5965379865586554e-05,5.77942768650348
300105,L6 CT Nxph2_2,Snap25-202_ENSMUST00000110098,6.919950350973545e-08,0.00024413584838234667,1.8099583307183247
300439,L6 CT Nxph2_2,Nop56-202_ENSMUST00000103198,1.1395355616880228e-06,0.004020281461635344,0.6907522806131086
301371,L6 CT Nxph2_2,Serpini1-201_ENSMUST00000029423,9.719353280778909e-08,0.0003428987837458799,2.1247510488828
302392,L6 CT Nxph2_2,Lmo4-203_ENSMUST00000121796,8.508942963831818e-07,0.003001955077639865,1.3023113780997688
303096,L6 CT Nxph2_2,Nfia-204_ENSMUST00000107057,2.0881488775934173e-09,7.3669892401495766e-06,-1.1081371812779706
303176,L6 CT Nxph2_2,Echdc2-210_ENSMUST00000133049,1.1042830252253777e-09,3.895910512995133e-06,3.088901027058287
303226,L6 CT Nxph2_2,Tceanc2-202_ENSMUST00000057043,9.51003630014346e-09,3.355140806690613e-05,-0.38745727571271055
305149,L6 CT Nxph2_2,Cdk2ap1-201_ENSMUST00000031341,2.694587023332251e-07,0.0009506503018316182,1.5629299278826871
306291,L6 CT Nxph2_2,Ptn-201_ENSMUST00000101534,4.006270835984659e-09,1.4134123509353876e-05,2.9644828864177133
307638,L6 CT Nxph2_2,Psmc4-205_ENSMUST00000138512,5.947220643191371e-07,0.002098179442917916,1.3274372310122184
307810,L6 CT Nxph2_2,Pagr1a-202_ENSMUST00000200948,1.8928874868152514e-21,6.6781070534842066e-18,-0.34876793145702534
316373,L6 CT Nxph2_2,Lmo1-202_ENSMUST00000207178,8.007409397887017e-07,0.0028250140355745397,2.1250865387831808
316374,L6 CT Nxph2_2,Lmo1-201_ENSMUST00000036992,1.2875699098741723e-09,4.54254664203608e-06,2.657613477567483
317897,L6 CT Nxph2_2,Nov-201_ENSMUST00000050027,5.534345241632862e-08,0.00019525170012480738,1.5714012117736726
323931,L6 CT Nxph2_2,Phlda3-201_ENSMUST00000038945,1.176263487003438e-10,4.1498575821481296e-07,3.1168755075042585
325995,L6 CT Nxph2_2,Swi5-201_ENSMUST00000050410,4.667225144658335e-49,1.6465970310354606e-45,-1.0290591497254382
329959,L6 CT Nxph2_2,Pbx1-205_ENSMUST00000176540,3.3775402106956167e-07,0.0011915961863334136,1.1560080440032237
332278,L6 CT Nxph2_2,Glipr1-201_ENSMUST00000074805,8.065881129345078e-07,0.002845642862432944,4.471843096602573
333789,L6 CT Nxph2_2,Ntm-209_ENSMUST00000151977,2.4078215350303936e-07,0.0008494794375587229,2.5415481467344776
341831,L6 CT Nxph2_2,Rpl41-206_ENSMUST00000177163,2.593628348207001e-06,0.0091503208124743,0.49228800336825973
342221,L6 CT Nxph2_2,Gm10778-202_ENSMUST00000189672,5.345855970388792e-19,1.8860179863531656e-15,-0.34576725708116024
