,index,name,p_raw,p_corr,es,index_name
280724,Vip,Tmbim1-202_ENSMUST00000113796,3.3519208824765765e-06,0.0054736868010842495,0.0854591899656818,Vip_Tmbim1
6504,Lamp5,Hspa8-202_ENSMUST00000117557,1.0119371951782049e-06,0.002928546242845725,0.09356700426444764,Lamp5_Hspa8
69934,Pvalb,Calm1-203_ENSMUST00000127300,1.3904483664529577e-08,4.530080777903736e-05,0.09863299276157722,Pvalb_Calm1
96853,Pvalb,Mrpl20-201_ENSMUST00000030942,2.4035612678388882e-06,0.007830802610619098,0.11734957929364853,Pvalb_Mrpl20
51599,Lamp5,Bmyc-201_ENSMUST00000061483,3.0941617898163e-06,0.008954504219728373,0.11899928048705544,Lamp5_Bmyc
117441,Pvalb,Ypel3-201_ENSMUST00000038614,4.761811355832619e-11,1.5513981397302672e-07,0.12306519919825298,Pvalb_Ypel3
261839,Sst,Aes-201_ENSMUST00000002518,3.7208755300003516e-07,0.001142680875263108,0.13019776127776783,Sst_Aes
93116,Pvalb,Gnas-208_ENSMUST00000109087,5.755929144261354e-11,1.8752817152003492e-07,0.1312803177186339,Pvalb_Gnas
208281,Sst,Calm1-202_ENSMUST00000110082,2.724793928473422e-25,8.367842154341878e-22,0.13214811920350833,Sst_Calm1
60094,Lamp5,Psma5-201_ENSMUST00000090569,2.750721730307616e-06,0.00796058868751024,0.13530054636583966,Lamp5_Psma5
80732,Pvalb,Psmc1-201_ENSMUST00000021595,4.636269829042595e-07,0.0015104967103020774,0.1385457053608592,Pvalb_Psmc1
174722,Sncg,Atp6v0b-201_ENSMUST00000036380,9.183796864897443e-08,0.00030187140294917896,0.14228861405945814,Sncg_Atp6v0b
69935,Pvalb,Calm1-204_ENSMUST00000153524,3.3680770454520105e-13,1.097319501408265e-09,0.14320479807080844,Pvalb_Calm1
28987,Lamp5,Actb-201_ENSMUST00000100497,6.8260075308198514e-09,1.975446579419265e-05,0.14844456195874667,Lamp5_Actb
14110,Lamp5,Ywhaz-201_ENSMUST00000022894,2.444626080032387e-11,7.074747875613728e-08,0.15415530753010565,Lamp5_Ywhaz
125408,Pvalb,Mrps14-201_ENSMUST00000078878,2.151291966319926e-07,0.0007008909226270319,0.15933521595485445,Pvalb_Mrps14
81004,Pvalb,Hsp90aa1-206_ENSMUST00000145255,1.361751960103925e-06,0.004436587886018588,0.16126331782390402,Pvalb_Hsp90aa1
83587,Pvalb,Rbx1-201_ENSMUST00000023036,2.1006038126192284e-14,6.843767221513446e-11,0.16383410983412094,Pvalb_Rbx1
277733,Vip,Brpf1-206_ENSMUST00000131594,1.6285194834875318e-06,0.0026593723165351394,0.16445401284688455,Vip_Brpf1
15147,Lamp5,Ube2v2-202_ENSMUST00000115776,6.861304341714736e-07,0.0019856614764922446,0.16464035572142244,Lamp5_Ube2v2
256337,Sst,Rpl7-201_ENSMUST00000058437,4.660774949356755e-07,0.0014313239869474595,0.16587415295950247,Sst_Rpl7
103799,Pvalb,Nptn-206_ENSMUST00000176557,7.029508200386801e-14,2.2902137716860196e-10,0.16629388049465987,Pvalb_Nptn
84939,Pvalb,Eif4a2-201_ENSMUST00000023599,1.7525263368419029e-06,0.0057097308054309195,0.16910584670495066,Pvalb_Eif4a2
51776,Lamp5,Zfp260-207_ENSMUST00000182136,1.0786339152548182e-06,0.003121566550747444,0.17233687432047473,Lamp5_Zfp260
229715,Sst,Arpc5l-202_ENSMUST00000112862,1.4055897435221046e-06,0.004316566102356384,0.1760027215005069,Sst_Arpc5l
203517,Sncg,Tomm20-201_ENSMUST00000179857,1.1679650145235931e-07,0.00038391010027390507,0.17681256761610253,Sncg_Tomm20
75170,Pvalb,Srp19-201_ENSMUST00000072576,3.0922921588986204e-07,0.0010074687853691706,0.1787723492716431,Pvalb_Srp19
89696,Pvalb,Carf-210_ENSMUST00000191232,3.62937774344776e-07,0.00118245126881528,0.1832125014907049,Pvalb_Carf
127599,Pvalb,Actg1-202_ENSMUST00000071555,5.819590563342662e-10,1.896022605537039e-06,0.18477678099744654,Pvalb_Actg1
249372,Sst,Rpl10a-201_ENSMUST00000042334,2.6574941897245985e-06,0.008161164656644243,0.18925545097437357,Sst_Rpl10a
239863,Sst,Rps4x-201_ENSMUST00000033683,2.2216041393770846e-06,0.006822546312027027,0.1894078116005975,Sst_Rps4x
131068,Pvalb,Ube2n-201_ENSMUST00000099329,3.93589940902264e-09,1.2823160274595762e-05,0.1916891998765542,Pvalb_Ube2n
302139,Vip,Eif4e-204_ENSMUST00000200020,1.1759902718135267e-06,0.001920392113871489,0.1939825778858093,Vip_Eif4e
291018,Vip,Mrpl13-204_ENSMUST00000170135,3.966961859318476e-07,0.0006478048716267071,0.19476227633925092,Vip_Mrpl13
319276,Vip,Fau-202_ENSMUST00000178310,1.0239370473529459e-10,1.6720891983273606e-07,0.19516361139232608,Vip_Fau
218850,Sst,Actr10-201_ENSMUST00000021479,5.866696677106026e-08,0.00018016625495392605,0.19614893573377312,Sst_Actr10
213876,Sst,Gdi1-201_ENSMUST00000015435,6.349860923759534e-08,0.0001950042289686553,0.19620509718948842,Sst_Gdi1
315609,Vip,Haus8-203_ENSMUST00000123495,1.1564109516731046e-07,0.00018884190840821798,0.19938286756035484,Vip_Haus8
76305,Pvalb,Zfp207-204_ENSMUST00000123726,1.9685235640458814e-07,0.0006413449771661481,0.19942358734575283,Pvalb_Zfp207
149552,Sncg,Psma6-201_ENSMUST00000021412,1.8491225543242415e-06,0.006078065836063782,0.20039313960794392,Sncg_Psma6
228668,Sst,Ndufa10-207_ENSMUST00000189503,2.173361299482457e-06,0.006674392550710625,0.2013972085427831,Sst_Ndufa10
212404,Sst,Rps15a-201_ENSMUST00000106588,2.6263276841361574e-06,0.00806545231798214,0.20157274175143236,Sst_Rps15a
6555,Lamp5,Capza2-201_ENSMUST00000015877,2.2039531112107196e-06,0.006378240303843823,0.208544573744053,Lamp5_Capza2
226614,Sst,Rps24-210_ENSMUST00000225023,1.811421720363438e-08,5.562876103236118e-05,0.20917180442410532,Sst_Rps24
247503,Sst,Ppp1r11-203_ENSMUST00000174711,1.505797189624307e-07,0.0004624303169336247,0.20939967217858246,Sst_Ppp1r11
144435,Sncg,Psmb1-201_ENSMUST00000014913,9.024090544501825e-09,2.9662185619777498e-05,0.20954571943187172,Sncg_Psmb1
69862,Pvalb,Ift20-203_ENSMUST00000128788,3.5129226339289915e-08,0.00011445101941340654,0.2107947892352975,Pvalb_Ift20
247540,Sst,Exoc1-212_ENSMUST00000202151,1.4078864892741502e-06,0.004323619408560915,0.2130767489082186,Sst_Exoc1
129794,Pvalb,Gad1-201_ENSMUST00000094934,2.077967947436013e-06,0.00677001957274653,0.2135963589085934,Pvalb_Gad1
213514,Sst,Srp19-201_ENSMUST00000072576,2.532221877065641e-07,0.0007776453384468584,0.214821231151741,Sst_Srp19
129334,Pvalb,Syt11-201_ENSMUST00000090945,2.0513918642546166e-14,6.683434693741541e-11,0.21567413656590695,Pvalb_Syt11
297522,Vip,Prim2-202_ENSMUST00000187353,3.643976903269925e-13,5.950614283039787e-10,0.21617538718255158,Vip_Prim2
213353,Sst,Elof1-201_ENSMUST00000013966,2.0211252247942014e-06,0.006206875565342993,0.21849006033772334,Sst_Elof1
234415,Sst,Zcchc17-202_ENSMUST00000134159,1.0867581729554362e-06,0.0033374343491461445,0.2187036214223408,Sst_Zcchc17
119902,Pvalb,Emc6-201_ENSMUST00000054952,1.23809329608502e-06,0.004033707958644995,0.21908394220616056,Pvalb_Emc6
260843,Sst,Serp2-201_ENSMUST00000064517,1.513427525442027e-08,4.6477359306324645e-05,0.22002397437074972,Sst_Serp2
91687,Pvalb,BC005624-201_ENSMUST00000028205,5.627604991674721e-07,0.001833473706287624,0.22075467158245932,Pvalb_BC005624
218779,Sst,Nova1-201_ENSMUST00000021438,2.270605260457883e-06,0.006973028754866159,0.22098567320761142,Sst_Nova1
212018,Sst,Ppp2r1a-201_ENSMUST00000007708,6.838430432410755e-07,0.002100081985793343,0.22289118541723418,Sst_Ppp2r1a
81076,Pvalb,Klc1-202_ENSMUST00000118471,1.2637112854235882e-09,4.117171367910051e-06,0.2246507482323281,Pvalb_Klc1
81478,Pvalb,Nsd1-201_ENSMUST00000099490,3.66119452698288e-08,0.00011928171768910222,0.22565888686844726,Pvalb_Nsd1
251287,Sst,Psmd7-201_ENSMUST00000044106,2.1955817376649259e-07,0.0006742631516368987,0.2265179292356354,Sst_Psmd7
58570,Lamp5,Kif1b-203_ENSMUST00000060537,1.234563066478673e-07,0.00035728255143892794,0.22986570925391447,Lamp5_Kif1b
41891,Lamp5,Smim14-202_ENSMUST00000121661,1.1882322462468301e-07,0.00034387441206383263,0.23049888139776886,Lamp5_Smim14
308771,Vip,Pqbp1-201_ENSMUST00000033497,9.781202493021363e-07,0.0015972703671103886,0.2347324613042039,Vip_Pqbp1
167398,Sncg,Rpl6-201_ENSMUST00000031617,4.240806428970659e-09,1.3939530732026557e-05,0.23490071898317755,Sncg_Rpl6
279049,Vip,Bicd1-209_ENSMUST00000203502,1.2144013213113627e-06,0.001983117357701455,0.23777708550525478,Vip_Bicd1
216659,Sst,Rab21-201_ENSMUST00000020343,1.2417925550800283e-08,3.813544936650767e-05,0.23881960915496103,Sst_Rab21
14723,Lamp5,Crebbp-201_ENSMUST00000023165,5.922239252103981e-07,0.001713896039558892,0.23892349796194545,Lamp5_Crebbp
74973,Pvalb,Pea15a-201_ENSMUST00000013842,3.4627070456464937e-07,0.0011281499554716275,0.239058358521687,Pvalb_Pea15a
146566,Sncg,Cops6-202_ENSMUST00000110951,2.078939699735328e-07,0.0006833474793030023,0.23930611721228434,Sncg_Cops6
76626,Pvalb,Vmp1-201_ENSMUST00000018315,2.127575679400467e-06,0.006931641563486722,0.2402753384197931,Pvalb_Vmp1
108848,Pvalb,Rab3gap1-205_ENSMUST00000186865,3.030608332934973e-11,9.873721948702143e-08,0.24119671264119624,Pvalb_Rab3gap1
19100,Lamp5,Rps24-202_ENSMUST00000169826,4.6073462945536715e-09,1.3333660176438325e-05,0.24185925589312074,Lamp5_Rps24
215013,Sst,Psmb6-202_ENSMUST00000128870,1.6060700398476689e-06,0.004932241092372191,0.2434553194888518,Sst_Psmb6
196,Lamp5,Mcts1-201_ENSMUST00000000365,2.399756422791188e-07,0.0006944895087557699,0.24475916440029888,Lamp5_Mcts1
90091,Pvalb,Cnot9-201_ENSMUST00000087215,2.5952906938279603e-06,0.008455457080491495,0.24646960251688554,Pvalb_Cnot9
94773,Pvalb,Fam92a-202_ENSMUST00000108285,2.9682439813455357e-06,0.009670538891223756,0.24722139822362266,Pvalb_Fam92a
218017,Sst,Psmd12-201_ENSMUST00000021063,5.889588167752037e-07,0.0018086925263166506,0.2479043128466376,Sst_Psmd12
52088,Lamp5,Tmx2-201_ENSMUST00000053664,7.862214919258789e-07,0.0022753249976334936,0.2485644385811412,Lamp5_Tmx2
219915,Sst,Cetn3-201_ENSMUST00000022009,3.783451105116425e-09,1.1618978343812542e-05,0.2528067855704883,Sst_Cetn3
88310,Pvalb,Ube3a-203_ENSMUST00000200758,2.285754812087786e-06,0.007446989177782006,0.25372878012257205,Pvalb_Ube3a
231358,Sst,Nsfl1c-202_ENSMUST00000089140,3.44066556334732e-08,0.0001056628394503962,0.2542671827152878,Sst_Nsfl1c
8331,Lamp5,Krt10-201_ENSMUST00000103131,2.608971171338164e-06,0.0075503625698526465,0.2545934216154784,Lamp5_Krt10
200935,Sncg,1810022K09Rik-202_ENSMUST00000185384,1.4969233867275752e-06,0.004920387172173539,0.2562755038603397,Sncg_1810022K09Rik
187165,Sncg,Rpl7-201_ENSMUST00000058437,1.8786577830520766e-07,0.0006175148132892175,0.2568457255539638,Sncg_Rpl7
227973,Sst,Mob4-205_ENSMUST00000162364,2.0894131893027612e-07,0.000641658790434878,0.2580840309161818,Sst_Mob4
200236,Sncg,Ube2n-205_ENSMUST00000220127,4.8438599543404686e-08,0.0001592176766991712,0.259107980232292,Sncg_Ube2n
247723,Sst,Ndrg4-202_ENSMUST00000073139,1.8750624383323158e-06,0.005758316748118541,0.26066152229914863,Sst_Ndrg4
3937,Lamp5,Snf8-204_ENSMUST00000150946,7.419470571933294e-08,0.0002147194783517495,0.26091459550577234,Lamp5_Snf8
36792,Lamp5,Foxn3-201_ENSMUST00000046859,2.392515831711561e-06,0.006923940816973257,0.26139559715504745,Lamp5_Foxn3
132163,Pvalb,Pigb-204_ENSMUST00000183746,1.1173555969920733e-11,3.640344535000175e-08,0.26151714448174745,Pvalb_Pigb
228376,Sst,Mff-202_ENSMUST00000078332,6.988928953446169e-07,0.0021463000816033186,0.26176366301327736,Sst_Mff
83791,Pvalb,Pmm1-201_ENSMUST00000023112,2.0441236797505434e-10,6.659754948627271e-07,0.262090553946039,Pvalb_Pmm1
124059,Pvalb,Unc80-201_ENSMUST00000061620,1.839441413880126e-07,0.000599290012642145,0.2625049102348067,Pvalb_Unc80
295788,Vip,Rps24-202_ENSMUST00000169826,9.865062398328578e-10,1.6109646896470568e-06,0.2638604502429933,Vip_Rps24
110096,Pvalb,Ddx1-201_ENSMUST00000071103,1.852764104438901e-08,6.0363054522619395e-05,0.2649771779572503,Pvalb_Ddx1
272193,Sst,Churc1-201_ENSMUST00000041262,3.5297509722013473e-09,1.0839865235630338e-05,0.26508357018201334,Sst_Churc1
244288,Sst,Acbd6-201_ENSMUST00000035560,2.335636434497218e-08,7.172739490340957e-05,0.265696629086865,Sst_Acbd6
267187,Sst,Rps28-201_ENSMUST00000087342,1.4908332571637063e-06,0.004578348932749742,0.2660361995731044,Sst_Rps28
208831,Sst,Ssr4-208_ENSMUST00000166518,2.3160126315207395e-06,0.007112474791400191,0.26752746492021906,Sst_Ssr4
345793,Vip,A630089N07Rik-201_ENSMUST00000231268,2.2914011426659012e-09,3.7418580659734166e-06,0.2676415502367844,Vip_A630089N07Rik
312473,Vip,Cyb5r4-202_ENSMUST00000174043,5.654637510323814e-12,9.234023054358789e-09,0.268188462088365,Vip_Cyb5r4
104634,Pvalb,Nicn1-201_ENSMUST00000035227,1.2066362951951459e-06,0.003931221049745785,0.27375744749530107,Pvalb_Nicn1
104500,Pvalb,Manf-205_ENSMUST00000160978,6.641601354355356e-07,0.002163833721248975,0.2750177822006892,Pvalb_Manf
252491,Sst,Cited2-201_ENSMUST00000038107,3.203327896801419e-06,0.009837419971077158,0.27625155614802654,Sst_Cited2
84977,Pvalb,App-201_ENSMUST00000005406,1.8798045046644154e-08,6.124403076196665e-05,0.27695654239850676,Pvalb_App
198818,Sncg,Tmem256-201_ENSMUST00000094065,2.4512702122683523e-07,0.0008057325187726074,0.27807607760699593,Sncg_Tmem256
95365,Pvalb,Psip1-202_ENSMUST00000107214,3.519527650973985e-07,0.0011466621086873244,0.2788711753288098,Pvalb_Psip1
328464,Vip,Zfp260-207_ENSMUST00000182136,6.220715504209018e-19,1.0158428418373326e-15,0.2794150670872071,Vip_Zfp260
97289,Pvalb,Ube2k-209_ENSMUST00000202601,1.298951955413184e-06,0.004231985470736154,0.27970090639819034,Pvalb_Ube2k
96297,Pvalb,Mrps15-201_ENSMUST00000030675,9.943290249712635e-08,0.00032395239633563767,0.2797260350928026,Pvalb_Mrps15
80275,Pvalb,Nemf-201_ENSMUST00000021368,1.675052862867948e-08,5.4573222272237746e-05,0.2801079783527758,Pvalb_Nemf
213698,Sst,Efr3a-201_ENSMUST00000015146,2.9551158364233704e-09,9.07516073365617e-06,0.28062205797089934,Sst_Efr3a
99474,Pvalb,Kras-201_ENSMUST00000032399,2.281042507202747e-06,0.00743163648846655,0.2813627911043217,Pvalb_Kras
98765,Pvalb,Cbx3-201_ENSMUST00000031862,2.398158206084488e-09,7.813199435423262e-06,0.28166585988713644,Pvalb_Cbx3
9638,Lamp5,Cyfip2-202_ENSMUST00000093166,2.8853041960706533e-06,0.00835007034342847,0.2818880877902674,Lamp5_Cyfip2
60071,Lamp5,Celsr2-201_ENSMUST00000090558,7.1207107751797e-07,0.0020607336983370053,0.2820192401671595,Lamp5_Celsr2
83629,Pvalb,Syngr1-201_ENSMUST00000009727,1.413651240486763e-13,4.605675741505874e-10,0.2823105748376893,Pvalb_Syngr1
79806,Pvalb,Ten1-201_ENSMUST00000021130,1.8847293436686433e-06,0.00614044820167244,0.2830897115857427,Pvalb_Ten1
26596,Lamp5,Ybx1-201_ENSMUST00000079644,2.74441611580259e-10,7.942340239132696e-07,0.28342959541548307,Lamp5_Ybx1
320239,Vip,Nipal2-204_ENSMUST00000227336,2.975612317610235e-12,4.859174914657514e-09,0.28399892047229836,Vip_Nipal2
96029,Pvalb,Pink1-201_ENSMUST00000030536,4.1001209641068465e-09,1.3358194101060106e-05,0.28513190623036255,Pvalb_Pink1
246153,Sst,Spcs2-207_ENSMUST00000208477,1.4833724446723329e-06,0.004555436777588734,0.28520183236685615,Sst_Spcs2
79413,Pvalb,Prkar1a-201_ENSMUST00000049527,1.64179446623387e-27,5.3489663709899476e-24,0.2858677765691713,Pvalb_Prkar1a
73110,Pvalb,Snf8-201_ENSMUST00000006217,4.241318019237008e-08,0.00013818214106674172,0.28656286195711456,Pvalb_Snf8
221069,Sst,Wbp4-201_ENSMUST00000022601,1.0990055735792066e-08,3.375046116461743e-05,0.28735815632907613,Sst_Wbp4
218619,Sst,Nemf-201_ENSMUST00000021368,2.860675755506753e-07,0.0008785135245161238,0.2884471709771437,Sst_Nemf
226265,Sst,Maged1-201_ENSMUST00000026142,1.7248538268405282e-08,5.297026102227262e-05,0.2896997466200908,Sst_Maged1
251896,Sst,Micu3-203_ENSMUST00000136835,2.818733892196667e-06,0.008656331782935964,0.28994928254529073,Sst_Micu3
89177,Pvalb,Gdap1-201_ENSMUST00000026879,1.568305453112565e-06,0.005109539166240737,0.2904487590930849,Pvalb_Gdap1
268422,Sst,Eef1g-201_ENSMUST00000052248,1.987057257464814e-06,0.0061022528376744435,0.29298353739144734,Sst_Eef1g
261213,Sst,Ndfip2-206_ENSMUST00000181969,6.168448302401427e-07,0.0018943304736674781,0.29315501793112286,Sst_Ndfip2
45666,Lamp5,Zbtb38-212_ENSMUST00000152594,5.195647032337212e-08,0.00015036202511583893,0.2956874892304573,Lamp5_Zbtb38
80637,Pvalb,Srsf5-205_ENSMUST00000110356,2.6186352488589547e-06,0.008531513640782475,0.2960073974346944,Pvalb_Srsf5
233894,Sst,Rnf11-202_ENSMUST00000064167,1.4834769750441038e-06,0.004555757790360443,0.29621796974664516,Sst_Rnf11
234644,Sst,Meaf6-208_ENSMUST00000184205,1.893066686621442e-07,0.0005813607794614449,0.29703408107886453,Sst_Meaf6
98132,Pvalb,Tmem106b-201_ENSMUST00000031556,3.2251261746853576e-07,0.0010507461077124895,0.2982858663596981,Pvalb_Tmem106b
125795,Pvalb,Hnrnpa3-203_ENSMUST00000111962,6.626150275858763e-09,2.158799759874785e-05,0.2984253504527752,Pvalb_Hnrnpa3
81615,Pvalb,Ccnh-201_ENSMUST00000022030,1.5066565722043392e-12,4.908687112241737e-09,0.2988429840216611,Pvalb_Ccnh
78515,Pvalb,Tmbim4-201_ENSMUST00000020446,1.5450602717399077e-07,0.0005033806365328619,0.3003312766639521,Pvalb_Tmbim4
265767,Sst,Tmem65-201_ENSMUST00000072113,2.8689162355360777e-06,0.008810441759331294,0.3010982502058419,Sst_Tmem65
215335,Sst,Dync1h1-201_ENSMUST00000018851,2.3779134099803544e-12,7.302572082049668e-09,0.30132455562676963,Sst_Dync1h1
76216,Pvalb,Psmd3-201_ENSMUST00000017365,2.5020910884020336e-06,0.008151812766013825,0.30246647218601597,Pvalb_Psmd3
82596,Pvalb,Zdhhc20-201_ENSMUST00000089473,5.970762442222765e-08,0.0001945274403676177,0.30293401702533385,Pvalb_Zdhhc20
270695,Sst,Slc48a1-201_ENSMUST00000117892,1.1384103717091318e-06,0.0034960582515187436,0.30386563499780506,Sst_Slc48a1
52368,Lamp5,Scg2-201_ENSMUST00000049972,1.1262826186019086e-06,0.0032594618982339234,0.3041055594119886,Lamp5_Scg2
241771,Sst,Tmod2-202_ENSMUST00000098552,4.458579515706841e-10,1.369229769273571e-06,0.3045146920781714,Sst_Tmod2
251324,Sst,March6-201_ENSMUST00000090227,1.0211796353200999e-06,0.0031360426600680266,0.3058492869175482,Sst_March6
103264,Pvalb,Arcn1-201_ENSMUST00000034607,1.2811976305542687e-06,0.004174141880345808,0.3067579463238328,Pvalb_Arcn1
229811,Sst,Abi2-207_ENSMUST00000188618,1.5521750673225146e-06,0.0047667296317474425,0.30854809218339474,Sst_Abi2
316771,Vip,Btg1-201_ENSMUST00000038377,8.199597847053062e-08,0.00013389943284237648,0.30939630429134946,Vip_Btg1
60906,Lamp5,Eef1g-201_ENSMUST00000052248,2.1131394023643107e-06,0.006115425430442315,0.30948551695766113,Lamp5_Eef1g
239662,Sst,Dynlt3-201_ENSMUST00000033519,2.3298189632339746e-06,0.007154874036091536,0.31213846391703903,Sst_Dynlt3
99120,Pvalb,Chchd6-201_ENSMUST00000032172,2.0181591036109243e-08,6.575162359564391e-05,0.31305838321107426,Pvalb_Chchd6
6011,Lamp5,Mrps25-203_ENSMUST00000140438,2.458315036443818e-10,7.114363715468409e-07,0.3131588711483202,Lamp5_Mrps25
301330,Vip,Eif2a-204_ENSMUST00000138827,3.8438771870866284e-16,6.277051446512464e-13,0.31345962044467734,Vip_Eif2a
72478,Pvalb,Jkamp-201_ENSMUST00000057257,1.2561997467934849e-06,0.004092698775053174,0.3139676097541342,Pvalb_Jkamp
86989,Pvalb,Csnk1a1-204_ENSMUST00000165123,3.5422328322593896e-10,1.154059456750109e-06,0.31423602881000434,Pvalb_Csnk1a1
10304,Lamp5,Ncoa1-201_ENSMUST00000085814,8.807682492281073e-07,0.0025489433132661423,0.31447565645626874,Lamp5_Ncoa1
49300,Lamp5,Smim7-203_ENSMUST00000167290,5.187141761256746e-07,0.0015011588257077021,0.3155766916649987,Lamp5_Smim7
127078,Pvalb,U2af1-201_ENSMUST00000014684,5.6109066994632406e-08,0.0001828033402685124,0.31625412170414524,Pvalb_U2af1
20591,Lamp5,Clk1-204_ENSMUST00000129577,1.1335062299740873e-06,0.0032803670295450085,0.31895019851759665,Lamp5_Clk1
242496,Sst,Map4-206_ENSMUST00000169851,9.572866442609946e-08,0.0002939827284525514,0.31896670421868256,Sst_Map4
20698,Lamp5,Mrpl30-201_ENSMUST00000027256,2.300964089064562e-06,0.0066589900737528416,0.31931562167885597,Lamp5_Mrpl30
317569,Vip,Sik2-207_ENSMUST00000177203,4.428432142627277e-13,7.231629688910343e-10,0.3197915380397798,Vip_Sik2
248670,Sst,Larp1-203_ENSMUST00000178636,1.012360691884434e-07,0.00031089596847770965,0.3200648335777001,Sst_Larp1
267007,Sst,Hmgb1-203_ENSMUST00000110505,2.5884434704168452e-06,0.007949109897650132,0.3208367357472115,Sst_Hmgb1
221765,Sst,Eny2-204_ENSMUST00000226827,2.6536081489915954e-07,0.000814923062555319,0.32128460422537763,Sst_Eny2
34114,Lamp5,Trappc4-202_ENSMUST00000213747,4.792841263722976e-08,0.00013870482617214292,0.32151831271811826,Lamp5_Trappc4
251077,Sst,A230050P20Rik-201_ENSMUST00000043911,5.616189284681693e-08,0.00017247317293257478,0.3224958600896288,Sst_A230050P20Rik
142461,Sncg,Pfdn2-201_ENSMUST00000006579,4.5197393353383635e-08,0.000148563831952572,0.3241074628750775,Sncg_Pfdn2
267350,Sst,Tcp1-201_ENSMUST00000089024,1.4616112292889622e-06,0.004488608085146403,0.32450642612080305,Sst_Tcp1
58716,Lamp5,Mapk1-201_ENSMUST00000069107,4.0873946045460935e-08,0.00011828919985556395,0.32518748660539476,Lamp5_Mapk1
92234,Pvalb,Zc3h15-201_ENSMUST00000081591,2.5111854539724554e-07,0.0008181442209042259,0.32547757038026415,Pvalb_Zc3h15
11835,Lamp5,Hsp90aa1-201_ENSMUST00000021698,8.302569818160214e-07,0.002402763705375566,0.3262549508710526,Lamp5_Hsp90aa1
102580,Pvalb,Cfap20-201_ENSMUST00000034249,9.734087906143415e-07,0.0031713658398215246,0.326880861130999,Pvalb_Cfap20
113553,Pvalb,Micu3-201_ENSMUST00000068999,1.3964775059439574e-10,4.5497237143654133e-07,0.32703436177783285,Pvalb_Micu3
134719,Pvalb,Galntl6-208_ENSMUST00000204128,4.1828511635164534e-10,1.3627729090736605e-06,0.32756337288868487,Pvalb_Galntl6
14424,Lamp5,St13-205_ENSMUST00000172107,1.8540481849346034e-13,5.365615447200742e-10,0.3280997980397915,Lamp5_St13
256491,Sst,Mrpl50-201_ENSMUST00000057829,2.9318429151855324e-06,0.00900368959253477,0.33045437283423773,Sst_Mrpl50
226616,Sst,Rps24-202_ENSMUST00000169826,4.66623399990678e-21,1.433000461371372e-17,0.33062078575980447,Sst_Rps24
94636,Pvalb,Ppp3ca-201_ENSMUST00000056758,1.1814717668303936e-08,3.8492350163334225e-05,0.33122208984632406,Pvalb_Ppp3ca
213426,Sst,Dnajc7-201_ENSMUST00000014339,2.216101406984664e-08,6.805647420849903e-05,0.33242960337650906,Sst_Dnajc7
266047,Sst,Ccni-201_ENSMUST00000058550,4.3346647140208346e-07,0.0013311755336757982,0.33675037127654583,Sst_Ccni
30542,Lamp5,D6Wsu163e-201_ENSMUST00000032497,1.7118415347426245e-06,0.004954069401545155,0.336895469693252,Lamp5_D6Wsu163e
92347,Pvalb,Cstf3-206_ENSMUST00000137961,8.821816282120187e-08,0.00028741477447147566,0.33719110544554054,Pvalb_Cstf3
87865,Pvalb,Pcyt2-201_ENSMUST00000026129,9.266350625385192e-07,0.0030189770337504954,0.33833882764872225,Pvalb_Pcyt2
221754,Sst,Eif3e-201_ENSMUST00000022960,1.6306887791431794e-06,0.005007845240748704,0.338887799876761,Sst_Eif3e
570,Lamp5,Ilf2-201_ENSMUST00000001042,1.5763356563112971e-06,0.004561915389364894,0.3392083274147444,Lamp5_Ilf2
326792,Vip,Lrrc8d-205_ENSMUST00000135776,5.16482708147315e-19,8.434162624045655e-16,0.34024850716677446,Vip_Lrrc8d
54737,Lamp5,Ntrk2-201_ENSMUST00000079828,5.217128538965279e-08,0.00015098369991765518,0.34084808817474066,Lamp5_Ntrk2
105511,Pvalb,Map2k4-201_ENSMUST00000046963,1.9904668514883252e-07,0.0006484941002148964,0.3408968786085569,Pvalb_Map2k4
232203,Sst,Pdcd10-205_ENSMUST00000161137,7.489595052221219e-09,2.300054640537136e-05,0.3420671629889287,Sst_Pdcd10
24795,Lamp5,Slc6a17-206_ENSMUST00000168211,7.825601088261474e-08,0.00022647289549428706,0.34273817127343564,Lamp5_Slc6a17
222093,Sst,Sept3-201_ENSMUST00000023095,5.797874218164759e-08,0.00017805271723983975,0.3433582859235096,Sst_Sept3
37295,Lamp5,Exoc3-201_ENSMUST00000035934,1.1406395460515566e-06,0.0033010108462732048,0.3437546343830582,Lamp5_Exoc3
8356,Lamp5,Hdac2-201_ENSMUST00000019911,1.1191601791043545e-06,0.003238849558328002,0.34474858978166356,Lamp5_Hdac2
76309,Pvalb,Psmd11-214_ENSMUST00000173938,5.2734042395370457e-08,0.00017180751012411694,0.3463955718459739,Pvalb_Psmd11
264682,Sst,Psma3-204_ENSMUST00000160864,5.916539570918336e-13,1.816969302229021e-09,0.34704805897263125,Sst_Psma3
91637,Pvalb,Olfm1-202_ENSMUST00000100244,5.770998350682715e-09,1.8801912626524284e-05,0.34706704259634424,Pvalb_Olfm1
70280,Pvalb,Chordc1-208_ENSMUST00000217031,1.670051869106676e-06,0.0054410289895495505,0.3481936906787406,Pvalb_Chordc1
229419,Sst,Lpgat1-201_ENSMUST00000110855,3.0743042771251666e-07,0.0009441188435051387,0.3495918321273983,Sst_Lpgat1
236001,Sst,Arl6ip4-201_ENSMUST00000031351,1.2118878544491093e-06,0.0037217076010132148,0.3500288756547749,Sst_Arl6ip4
108925,Pvalb,Ankmy2-201_ENSMUST00000041640,1.0244930582661557e-06,0.003337798383831135,0.3502551798809672,Pvalb_Ankmy2
219448,Sst,Ggps1-201_ENSMUST00000170957,6.9760418673304e-08,0.0002142342457457166,0.355039078256687,Sst_Ggps1
161685,Sncg,Hypk-201_ENSMUST00000028677,2.474457140069143e-07,0.0008133540619407274,0.3567038244270062,Sncg_Hypk
214656,Sst,Psmd11-205_ENSMUST00000148895,2.8621563613586573e-06,0.008789682185732436,0.3568902008956334,Sst_Psmd11
28628,Lamp5,Psmd9-201_ENSMUST00000100729,4.7197189593413044e-07,0.0013658866668333734,0.3573509795281016,Lamp5_Psmd9
218857,Sst,Timm9-207_ENSMUST00000221559,1.5767477317566974e-06,0.004842192284224818,0.35738563545262014,Sst_Timm9
215080,Sst,Kif3a-203_ENSMUST00000120613,2.01884458821666e-07,0.0006199871730413363,0.3587344571533113,Sst_Kif3a
107707,Pvalb,Ap2b1-201_ENSMUST00000018875,8.725423693258288e-14,2.84274303926355e-10,0.35928665989889597,Pvalb_Ap2b1
43180,Lamp5,Degs1-201_ENSMUST00000035295,2.5969072094935516e-06,0.007515449464274338,0.35943080100929414,Lamp5_Degs1
261655,Sst,Tmem179-201_ENSMUST00000066791,1.4517408664819986e-06,0.004458296200966218,0.35967632806636063,Sst_Tmem179
123979,Pvalb,Maf-201_ENSMUST00000069009,1.6626155702221e-08,5.4168015277836024e-05,0.3602375119205323,Pvalb_Maf
210413,Sst,Ppp1cc-202_ENSMUST00000102528,2.3925616785039096e-07,0.0007347556914685506,0.362337783551677,Sst_Ppp1cc
247497,Sst,Sec24a-205_ENSMUST00000147255,9.13242243832244e-11,2.8045669308088215e-07,0.36263105798309736,Sst_Sec24a
229700,Sst,Ppp6c-201_ENSMUST00000028087,8.835789679041442e-08,0.00027134710104336266,0.36266480826388303,Sst_Ppp6c
84641,Pvalb,Ncbp2-201_ENSMUST00000023460,1.737788979955613e-07,0.0005661716496695387,0.3627856067753199,Pvalb_Ncbp2
28456,Lamp5,Tmed2-205_ENSMUST00000200031,1.8627968962773727e-06,0.005390934217826717,0.3657802784290505,Lamp5_Tmed2
179548,Sncg,Sf3b6-202_ENSMUST00000218650,1.9942043049411026e-07,0.0006554949550341404,0.3667388143515051,Sncg_Sf3b6
213274,Sst,Tango2-201_ENSMUST00000115628,2.001318340891911e-06,0.006146048624879059,0.36685513398650027,Sst_Tango2
242501,Sst,Map4-207_ENSMUST00000196729,1.585687928359513e-07,0.00048696476279920644,0.3675862039093625,Sst_Map4
89603,Pvalb,Eef1b2-205_ENSMUST00000135877,2.0344639155673466e-11,6.628283436918415e-08,0.36833012286956235,Pvalb_Eef1b2
243976,Sst,Terf2ip-201_ENSMUST00000052138,1.556746285802186e-06,0.004780767843698514,0.36874707660467987,Sst_Terf2ip
2113,Lamp5,Sri-201_ENSMUST00000003245,7.371405101539737e-07,0.0021332846363856,0.36878543004336706,Lamp5_Sri
142282,Sncg,Snf8-201_ENSMUST00000006217,1.290261750956309e-07,0.00042410903753933876,0.36970735230965346,Sncg_Snf8
26264,Lamp5,Sgip1-201_ENSMUST00000066824,6.968756423797031e-09,2.016758109046861e-05,0.37016683889708,Lamp5_Sgip1
72777,Pvalb,Eif4g2-213_ENSMUST00000162415,1.3250455787631135e-16,4.316998495610224e-13,0.37184304546796243,Pvalb_Eif4g2
240924,Sst,Cfap20-201_ENSMUST00000034249,3.461192515185487e-07,0.001062932221413463,0.3725351144700104,Sst_Cfap20
134136,Pvalb,Cox16-202_ENSMUST00000110340,5.59782721217671e-10,1.823772105727172e-06,0.37309336742140076,Pvalb_Cox16
267198,Sst,Tmem128-201_ENSMUST00000087511,2.2154700164373103e-06,0.00680370842047898,0.3750689089792685,Sst_Tmem128
145684,Sncg,Pitpna-205_ENSMUST00000179445,1.2237135949515284e-08,4.022346586605674e-05,0.3764251224176043,Sncg_Pitpna
28453,Lamp5,Tmed2-203_ENSMUST00000135464,5.138641917462983e-07,0.001487122970913787,0.37924704213316396,Lamp5_Tmed2
209705,Sst,Car11-201_ENSMUST00000003360,1.0580762252699284e-08,3.24935208780395e-05,0.3793366884380136,Sst_Car11
41975,Lamp5,H2afz-207_ENSMUST00000174561,1.4537327750677121e-08,4.207102651045959e-05,0.38101134996427,Lamp5_H2afz
31383,Lamp5,Lcmt1-201_ENSMUST00000033025,1.703152659017456e-06,0.004928923795196518,0.3819970105614461,Lamp5_Lcmt1
158705,Sncg,Ube2w-201_ENSMUST00000117146,4.598522135185347e-07,0.0015115342258354234,0.3839772878993415,Sncg_Ube2w
187515,Sncg,Snhg11-205_ENSMUST00000149303,1.4996751560408279e-09,4.929432237906201e-06,0.38445699794149046,Sncg_Snhg11
56260,Lamp5,Ube2e2-205_ENSMUST00000150727,4.2146663500178544e-07,0.0012197244416951671,0.38569523077672496,Lamp5_Ube2e2
261153,Sst,Chmp3-201_ENSMUST00000059462,5.193404713004693e-08,0.00015948945873637413,0.3867185329856486,Sst_Chmp3
245003,Sst,Exosc4-201_ENSMUST00000059045,4.1308549182965484e-08,0.000126858554540887,0.3877205215325743,Sst_Exosc4
255143,Sst,Bend6-201_ENSMUST00000062289,2.1377635755769683e-07,0.000656507194059687,0.3879878340643286,Sst_Bend6
266946,Sst,Nrxn3-205_ENSMUST00000163134,2.3319542938737967e-17,7.16143163648643e-14,0.3898538557420528,Sst_Nrxn3
69748,Pvalb,Chtop-203_ENSMUST00000076639,2.1535805702276478e-08,7.016365497801677e-05,0.39041957503398184,Pvalb_Chtop
77021,Pvalb,Mpdu1-201_ENSMUST00000018905,2.0308429091515373e-07,0.0006616486198015709,0.39155482012516973,Pvalb_Mpdu1
233221,Sst,Gtf2b-201_ENSMUST00000029938,2.074896849404974e-06,0.006372008224522675,0.3922696869328228,Sst_Gtf2b
124946,Pvalb,Rbbp4-201_ENSMUST00000102598,1.700202081230024e-11,5.539258380647418e-08,0.3934569009967923,Pvalb_Rbbp4
36460,Lamp5,Terf2ip-201_ENSMUST00000052138,2.88371889303778e-06,0.008345482476451336,0.3942785652510019,Lamp5_Terf2ip
27514,Lamp5,Kmt2e-207_ENSMUST00000196889,9.255253372600884e-08,0.0002678470326030696,0.39472700920186554,Lamp5_Kmt2e
83287,Pvalb,Ywhaz-204_ENSMUST00000110362,1.902718075244419e-09,6.199055489146318e-06,0.39799386799002967,Pvalb_Ywhaz
126336,Pvalb,Psma3-201_ENSMUST00000071704,4.591792991728858e-10,1.496006156705262e-06,0.3981344532596376,Pvalb_Psma3
70054,Pvalb,Cct3-201_ENSMUST00000001452,2.9202098206453376e-09,9.51404359566251e-06,0.40106659406237455,Pvalb_Cct3
129796,Pvalb,Gad1-204_ENSMUST00000130618,4.969708617784496e-08,0.0001619131067674189,0.40304260062709485,Pvalb_Gad1
157093,Sncg,Maged1-201_ENSMUST00000026142,2.1829795294528366e-07,0.0007175453713311474,0.4058256214918421,Sncg_Maged1
91527,Pvalb,Stxbp1-202_ENSMUST00000077458,7.368939185151962e-19,2.4008003865225093e-15,0.40800219524825465,Pvalb_Stxbp1
82016,Pvalb,Trappc13-205_ENSMUST00000144060,8.8643373767818e-11,2.8880011173555105e-07,0.41116627159676966,Pvalb_Trappc13
72311,Pvalb,Chmp2b-201_ENSMUST00000004965,1.6649483834242641e-07,0.0005424401833196253,0.41292230315951794,Pvalb_Chmp2b
69367,Pvalb,Mcts1-203_ENSMUST00000134573,9.151898099217304e-12,2.981688400724998e-08,0.41448366876416154,Pvalb_Mcts1
306613,Vip,Sec61a1-208_ENSMUST00000145421,4.084506669390439e-27,6.669999391114587e-24,0.416462281726542,Vip_Sec61a1
265148,Sst,Haghl-201_ENSMUST00000077938,1.3866520233543488e-11,4.258408363721205e-08,0.4189644157681496,Sst_Haghl
245990,Sst,Becn1-201_ENSMUST00000041403,1.0943516117300277e-08,3.360753799622915e-05,0.4193127681939135,Sst_Becn1
217756,Sst,Prkar1a-203_ENSMUST00000106677,8.697274463895671e-20,2.6709329878623604e-16,0.4193708884746119,Sst_Prkar1a
98814,Pvalb,Ssbp1-203_ENSMUST00000117411,5.296966909742789e-09,1.7257518191942007e-05,0.4213069359605979,Pvalb_Ssbp1
157009,Sncg,Hdgfl3-202_ENSMUST00000107305,6.907827094385367e-07,0.00227060276592447,0.4220916773914354,Sncg_Hdgfl3
214205,Sst,H2afy-201_ENSMUST00000016081,3.095081252011995e-08,9.504994524928837e-05,0.4232448737779104,Sst_H2afy
211559,Sst,Arpc2-201_ENSMUST00000006467,1.0442472648756869e-10,3.2068833504332345e-07,0.4237806436833984,Sst_Arpc2
268720,Sst,Srp54a-201_ENSMUST00000021407,2.990415355175572e-08,9.183565555744182e-05,0.4243051619885376,Sst_Srp54a
4205,Lamp5,Rundc3a-201_ENSMUST00000006750,4.790594699021841e-09,1.3863981058969208e-05,0.42432434318519174,Lamp5_Rundc3a
127649,Pvalb,Zfp938-202_ENSMUST00000156218,3.3992484734639336e-09,1.1074751526545496e-05,0.4244177310533108,Pvalb_Zfp938
235494,Sst,Mapre3-202_ENSMUST00000200692,3.826049440384631e-11,1.1749797831421203e-07,0.4244484137937423,Sst_Mapre3
230183,Sst,Rbm18-201_ENSMUST00000028251,3.1275574200349085e-07,0.0009604728836927204,0.42571710967684284,Sst_Rbm18
259790,Sst,B230217C12Rik-204_ENSMUST00000170806,1.6328334868503226e-06,0.005014431638117341,0.4259526850112887,Sst_B230217C12Rik
264672,Sst,Dhps-201_ENSMUST00000078665,2.3349218327403283e-07,0.0007170544948345548,0.42835861978527223,Sst_Dhps
177110,Sncg,Cops4-201_ENSMUST00000045993,1.957773418216981e-06,0.006435201225679217,0.428878425751682,Sncg_Cops4
99340,Pvalb,Grin2b-205_ENSMUST00000152012,2.1779324659750526e-18,7.095703974146721e-15,0.4329601092726696,Pvalb_Grin2b
76758,Pvalb,Mapt-201_ENSMUST00000100347,2.056741811966158e-08,6.700864823385743e-05,0.4330258888199383,Pvalb_Mapt
329405,Vip,Ncald-203_ENSMUST00000119730,3.1222297492342174e-08,5.098601180499477e-05,0.43346096264167944,Vip_Ncald
77166,Pvalb,Fis1-202_ENSMUST00000111094,1.4240736968967957e-12,4.63963210448976e-09,0.4349451871074441,Pvalb_Fis1
196914,Sncg,Kif1b-203_ENSMUST00000060537,2.6099093235366988e-11,8.578771946465129e-08,0.436156104799446,Sncg_Kif1b
7466,Lamp5,Uchl5-206_ENSMUST00000189936,3.742036876976172e-09,1.0829454721969042e-05,0.437120907221237,Lamp5_Uchl5
14961,Lamp5,Ly6h-204_ENSMUST00000127095,2.405873017817627e-14,6.962596513564212e-11,0.43986600774253537,Lamp5_Ly6h
97664,Pvalb,G3bp2-209_ENSMUST00000202258,2.4937374730969165e-09,8.124596687349753e-06,0.4414556958476541,Pvalb_G3bp2
112828,Pvalb,Ube2l3-201_ENSMUST00000090192,3.583969742468636e-19,1.1676573420962817e-15,0.4445444183608811,Pvalb_Ube2l3
103429,Pvalb,Tmod2-208_ENSMUST00000215614,3.943000809707307e-09,1.2846296638026407e-05,0.4446782824655009,Pvalb_Tmod2
229572,Sst,Vamp4-204_ENSMUST00000135241,8.941009894012044e-08,0.00027457841384510986,0.4463386965619289,Sst_Vamp4
244030,Sst,Tomm6-201_ENSMUST00000113301,9.120113851848746e-08,0.000280078696390275,0.45130400196389564,Sst_Tomm6
190635,Sncg,Lamtor4-201_ENSMUST00000062067,1.6090920478083348e-08,5.289085561145996e-05,0.4518356887005561,Sncg_Lamtor4
127214,Pvalb,Myt1l-201_ENSMUST00000021009,3.701128203860024e-13,1.2058275688175959e-09,0.45301619365483337,Pvalb_Myt1l
30025,Lamp5,Mlf2-206_ENSMUST00000204177,2.429743587908218e-21,7.031677943406383e-18,0.4548525198581683,Lamp5_Mlf2
70602,Pvalb,Celf2-206_ENSMUST00000114934,1.1508099839389372e-11,3.749338927673057e-08,0.4551779805609697,Pvalb_Celf2
226937,Sst,Fuom-201_ENSMUST00000026539,2.7281042715914022e-08,8.378008218057196e-05,0.4569660746494417,Sst_Fuom
95142,Pvalb,Dnaja1-205_ENSMUST00000137246,3.942055496949154e-18,1.2843216809060342e-14,0.4605688633822913,Pvalb_Dnaja1
227014,Sst,Sirt3-202_ENSMUST00000106048,1.8008778003728243e-07,0.0005530495724944943,0.46149471287497645,Sst_Sirt3
152352,Sncg,Ctnnd2-201_ENSMUST00000081728,1.1299176190532275e-07,0.0003714039213827959,0.4616960893046347,Sncg_Ctnnd2
13900,Lamp5,Zfr-201_ENSMUST00000122941,1.589707540413659e-19,4.600613621957129e-16,0.4617290216290697,Lamp5_Zfr
267286,Sst,Romo1-204_ENSMUST00000119950,1.642203140192957e-08,5.043205843532571e-05,0.46465056391574855,Sst_Romo1
199250,Sncg,Eef1g-201_ENSMUST00000052248,2.3894148667688292e-06,0.007854006667069141,0.4676563583112374,Sncg_Eef1g
127840,Pvalb,Scoc-203_ENSMUST00000212031,1.2804460938766963e-22,4.1716933738502766e-19,0.46827091031247825,Pvalb_Scoc
198699,Sncg,Msi2-203_ENSMUST00000107909,1.2554885945487884e-06,0.004126791010281868,0.46918238018131575,Sncg_Msi2
264404,Sst,Uqcr10-203_ENSMUST00000151559,1.6964176112996262e-08,5.209698484301152e-05,0.47414142718118146,Sst_Uqcr10
165293,Sncg,Khdrbs1-201_ENSMUST00000066257,2.0999366237795113e-06,0.006902491682363254,0.4766062798650106,Sncg_Khdrbs1
81612,Pvalb,Hnrnpk-201_ENSMUST00000043269,3.8345278577822333e-25,1.2492891760654517e-21,0.47860805569843645,Pvalb_Hnrnpk
322012,Vip,Fmo1-202_ENSMUST00000111518,2.160731211908063e-28,3.528474069045867e-25,0.4787651504975723,Vip_Fmo1
30055,Lamp5,Cops7a-202_ENSMUST00000112439,2.327170535130988e-10,6.73483152866908e-07,0.4808917818673999,Lamp5_Cops7a
301122,Vip,Acad9-206_ENSMUST00000197344,1.7189707247532078e-26,2.807079193521988e-23,0.4825576150647668,Vip_Acad9
33433,Lamp5,Map1lc3b-205_ENSMUST00000181948,1.7646821136008541e-10,5.106990036760872e-07,0.48501689769377654,Lamp5_Map1lc3b
81007,Pvalb,Hsp90aa1-201_ENSMUST00000021698,1.3553468647960614e-19,4.415720085505568e-16,0.4851353431341421,Pvalb_Hsp90aa1
167412,Sncg,Arpc1a-201_ENSMUST00000031625,6.46082718753885e-07,0.00212367389654402,0.486257029475313,Sncg_Arpc1a
148234,Sncg,Rtn4-201_ENSMUST00000060992,1.0451838024427818e-08,3.435519158629424e-05,0.4893449929933755,Sncg_Rtn4
146413,Sncg,Tmem160-201_ENSMUST00000019302,9.036319849308212e-09,2.9702383344676093e-05,0.4916863959820823,Sncg_Tmem160
50281,Lamp5,Hnrnpa1-202_ENSMUST00000087351,3.2698923974663025e-09,9.46306859826748e-06,0.49440712751849736,Lamp5_Hnrnpa1
231335,Sst,Napb-201_ENSMUST00000028926,2.9535106967651948e-06,0.009070231349765914,0.49515700429107845,Sst_Napb
6616,Lamp5,Surf1-206_ENSMUST00000142967,1.954810111717504e-09,5.657220463310457e-06,0.4975530717977188,Lamp5_Surf1
194805,Sncg,Rpl30-201_ENSMUST00000009039,1.194173816696732e-16,3.9252493354821576e-13,0.49878717246204296,Sncg_Rpl30
56090,Lamp5,Camk2b-209_ENSMUST00000109813,1.0161755415454267e-08,2.9408120172324647e-05,0.5015411621560273,Lamp5_Camk2b
240262,Sst,Dctn6-201_ENSMUST00000033913,7.125485445749007e-15,2.1882365803895202e-11,0.501558532826405,Sst_Dctn6
73819,Pvalb,Hnrnph1-201_ENSMUST00000069304,2.194858390863755e-13,7.150848637434114e-10,0.5056309209829455,Pvalb_Hnrnph1
113474,Pvalb,Cntnap2-202_ENSMUST00000114641,2.755046014713348e-19,8.975939915936088e-16,0.5070058700022724,Pvalb_Cntnap2
158770,Sncg,Eef1b2-204_ENSMUST00000129339,1.7573140445701203e-12,5.776291264501986e-09,0.51127921371077,Sncg_Eef1b2
58412,Lamp5,Hikeshi-209_ENSMUST00000208357,4.009383250361067e-11,1.1603155126544928e-07,0.5139975185793713,Lamp5_Hikeshi
79968,Pvalb,Nme2-202_ENSMUST00000072566,4.2537903225425586e-14,1.3858848870843655e-10,0.5159755763651246,Pvalb_Nme2
97120,Pvalb,Ociad1-201_ENSMUST00000031038,8.016579532362762e-20,2.611801611643788e-16,0.5177941142347562,Pvalb_Ociad1
299154,Vip,Olfm1-205_ENSMUST00000152415,2.2910284473715975e-11,3.7412494545578186e-08,0.5196903439015639,Vip_Olfm1
103064,Pvalb,Aplp2-202_ENSMUST00000079758,7.693788171169425e-13,2.5066361861669986e-09,0.5255493989037849,Pvalb_Aplp2
166322,Sncg,Mapre3-202_ENSMUST00000200692,1.7268174894965006e-09,5.676049087974997e-06,0.5256649058212992,Sncg_Mapre3
158024,Sncg,Eif4a3-201_ENSMUST00000026667,1.983240604667311e-06,0.0065189118675414515,0.5315233291639787,Sncg_Eif4a3
143226,Sncg,Rpl10-201_ENSMUST00000008826,6.259559866716112e-07,0.0020575173281895858,0.5322120667363226,Sncg_Rpl10
85904,Pvalb,Hsp90ab1-204_ENSMUST00000146770,2.0411361477049574e-08,6.650021569222751e-05,0.5324321257228917,Pvalb_Hsp90ab1
152671,Sncg,Mrpl13-202_ENSMUST00000164542,7.415040745397449e-07,0.0024373238930121416,0.5348618168596397,Sncg_Mrpl13
194482,Sncg,Sept11-201_ENSMUST00000074733,1.1597336539976755e-10,3.8120445206903594e-07,0.5425432210743999,Sncg_Sept11
228213,Sst,Mrpl30-205_ENSMUST00000193673,1.5530282608934454e-10,4.769349789203771e-07,0.5432640243018843,Sst_Mrpl30
118956,Pvalb,Hnrnph2-203_ENSMUST00000074950,2.6329865254266468e-12,8.578270099840016e-09,0.5479578083402679,Pvalb_Hnrnph2
37968,Lamp5,Rnps1-203_ENSMUST00000163717,1.0057934985887118e-09,2.9107663849157317e-06,0.5506808771959233,Lamp5_Rnps1
166909,Sncg,Scarb2-201_ENSMUST00000031377,2.9903974661051377e-06,0.009829436471087588,0.5529600197515627,Sncg_Scarb2
144864,Sncg,Mrpl32-203_ENSMUST00000221699,1.279004150581029e-07,0.00042040866429598426,0.5555099009228419,Sncg_Mrpl32
203139,Sncg,Myl6-206_ENSMUST00000218127,3.746302095896845e-21,1.231409498921293e-17,0.5606108299569499,Sncg_Myl6
191129,Sncg,Mafg-201_ENSMUST00000058162,1.0346769230209101e-06,0.0034009830459697317,0.563535551286388,Sncg_Mafg
200597,Sncg,Selenoh-203_ENSMUST00000117299,2.0288466322651845e-06,0.006668818880255662,0.5777198176355052,Sncg_Selenoh
151895,Sncg,Wbp4-202_ENSMUST00000227584,1.0462650112875133e-07,0.00034390730921020563,0.5805885623428235,Sncg_Wbp4
169638,Sncg,Pgm2l1-202_ENSMUST00000084935,5.335409814731076e-07,0.0017537492061021045,0.5875876611802273,Sncg_Pgm2l1
91635,Pvalb,Olfm1-203_ENSMUST00000102879,3.5303430477611676e-27,1.1501857649605885e-23,0.5905571119568087,Pvalb_Olfm1
198955,Sncg,Gm1673-201_ENSMUST00000094869,7.468910142843367e-08,0.0002455030763952615,0.5906740411642271,Sncg_Gm1673
154429,Sncg,Smarcd1-201_ENSMUST00000023759,1.633105505465497e-06,0.005368017796465088,0.597973318118131,Sncg_Smarcd1
229335,Sst,Kifap3-202_ENSMUST00000077642,1.8282028107712912e-08,5.614410831878635e-05,0.6395414508996544,Sst_Kifap3
143126,Sncg,Snrpb2-201_ENSMUST00000008477,3.937678604430255e-07,0.0012943149572762248,0.6442318462834464,Sncg_Snrpb2
64805,Lamp5,Myl6-201_ENSMUST00000164181,2.69006162166522e-91,7.785038333099147e-88,0.6503600032799932,Lamp5_Myl6
199940,Sncg,Rpl13a-203_ENSMUST00000209626,3.2021732609277036e-07,0.0010525543508669362,0.6610178528843553,Sncg_Rpl13a
190037,Sncg,Trappc1-203_ENSMUST00000102602,2.518087385458547e-07,0.0008276953236002245,0.6613979997783481,Sncg_Trappc1
172438,Sncg,Arcn1-205_ENSMUST00000217194,2.791657929530262e-06,0.009176179614365971,0.6655118190803757,Sncg_Arcn1
113470,Pvalb,Cntnap2-206_ENSMUST00000207647,2.1027018675390362e-24,6.85060268444218e-21,0.6759310964986329,Pvalb_Cntnap2
92991,Pvalb,Napb-201_ENSMUST00000028926,5.416847540867478e-13,1.7648089288146244e-09,0.6803543954147226,Pvalb_Napb
194995,Sncg,Nap1l4-206_ENSMUST00000208190,4.884091978018735e-07,0.001605401033174758,0.6865443477779416,Sncg_Nap1l4
171676,Sncg,Fam192a-201_ENSMUST00000034226,2.688338097662061e-06,0.008836567327015194,0.6896143276673978,Sncg_Fam192a
173324,Sncg,Map4-206_ENSMUST00000169851,2.004338592303711e-16,6.588260952902299e-13,0.7028176307491303,Sncg_Map4
197411,Sncg,Dzip3-202_ENSMUST00000121869,1.5979605110202566e-07,0.0005252496199723584,0.725396959575177,Sncg_Dzip3
142782,Sncg,Abhd16a-201_ENSMUST00000007251,1.311759069244188e-07,0.00043117520606056456,0.7317403929688502,Sncg_Abhd16a
139226,Sncg,Cct3-201_ENSMUST00000001452,5.7199320266946456e-11,1.88014165717453e-07,0.7358651380703005,Sncg_Cct3
6506,Lamp5,Hspa8-204_ENSMUST00000127699,1.7150875485188494e-13,4.96346336541355e-10,0.7611994819037347,Lamp5_Hspa8
53888,Lamp5,Kcnip1-201_ENSMUST00000065970,1.0880270483455396e-14,3.148750277911992e-11,0.76802567979031,Lamp5_Kcnip1
193377,Sncg,Rnf181-201_ENSMUST00000069580,1.8281195484305856e-07,0.0006009028955691334,0.7681232334562131,Sncg_Rnf181
99196,Pvalb,Mlf2-201_ENSMUST00000032214,2.579393953792999e-21,8.40366550145759e-18,0.7750251662614702,Pvalb_Mlf2
166656,Sncg,Rufy3-207_ENSMUST00000199312,1.8203749851794342e-06,0.0059835725762848,0.7810228333805411,Sncg_Rufy3
151902,Sncg,Sugt1-205_ENSMUST00000228675,7.715951789779304e-08,0.0002536233353300457,0.7827509832085338,Sncg_Sugt1
192820,Sncg,Msra-205_ENSMUST00000210428,1.2258058312333612e-06,0.004029223767264058,0.8140696607126694,Sncg_Msra
143161,Sncg,Arpc5-201_ENSMUST00000077755,9.692560726784629e-07,0.0031859447108941075,0.8165307250813085,Sncg_Arpc5
108179,Pvalb,Eif1-203_ENSMUST00000139846,1.4100943181431768e-20,4.5940872885104697e-17,0.816774414415637,Pvalb_Eif1
157014,Sncg,P4hb-201_ENSMUST00000026122,1.4321350268556716e-06,0.004707427833274593,0.8260632757033135,Sncg_P4hb
131906,Pvalb,Ak6-201_ENSMUST00000022135,1.7650608102718948e-36,5.750568119865833e-33,0.8759626457314047,Pvalb_Ak6
164533,Sncg,Psip1-203_ENSMUST00000107215,7.863062456741804e-07,0.002584588629531031,0.9050066955476144,Sncg_Psip1
158441,Sncg,Sec61a2-202_ENSMUST00000102981,1.1848429593313226e-07,0.00038945788073220576,0.9378050793724197,Sncg_Sec61a2
95336,Pvalb,Clta-204_ENSMUST00000107849,1.817018634203821e-45,5.91984671023605e-42,1.0059759214132549,Pvalb_Clta
155409,Sncg,Nrxn1-207_ENSMUST00000160844,5.129678681265358e-16,1.6861253825319233e-12,1.1733046380189176,Sncg_Nrxn1
172404,Sncg,Cadm1-204_ENSMUST00000114548,4.384289887409751e-14,1.441116085991585e-10,1.208295902066681,Sncg_Cadm1
122663,Pvalb,Prkcb-201_ENSMUST00000064921,5.433940677316528e-50,1.770377872669725e-46,1.2308882517545574,Pvalb_Prkcb
192894,Sncg,Fam19a5-202_ENSMUST00000230414,1.7152471117151345e-08,5.638017256207647e-05,1.2556059831646849,Sncg_Fam19a5
195991,Sncg,Lsamp-201_ENSMUST00000078873,3.7794753939335534e-11,1.242313561985959e-07,1.3239962517817627,Sncg_Lsamp
187516,Sncg,Snhg11-204_ENSMUST00000148965,3.9670534486964474e-15,1.3039704685865222e-11,1.5927573804594735,Sncg_Snhg11
238695,Sst,Aldoa-203_ENSMUST00000106348,2.3033065893771993e-36,7.073454535977379e-33,1.8213394954364714,Sst_Aldoa
172975,Sncg,Nptn-201_ENSMUST00000085651,1.1670145533755158e-31,3.8359768369453204e-28,2.406674183327431,Sncg_Nptn
88275,Pvalb,Rps24-205_ENSMUST00000223999,2.5815518262927763e-220,8.410695850061866e-217,2.705580385217679,Pvalb_Rps24
